QPER,Computers and peripheral equipment,Communication equipment,Medical equipment and instruments,Nonmedical instruments,Photocopy and related equipment,Office and accounting equipment,Fabricated metal products,Engines and turbines,Metalworking machinery,"Special industry machinery, n.e.c.","General industrial, including materials handling, equipment","Electrical transmission, distribution, and industrial apparatus",Light trucks (including utility vehicles),"Other trucks, buses, and truck trailers",Autos,Aircraft,Ships and boats,Railroad equipment,Furniture and fixtures,Agricultural machinery,Construction machinery,Mining and oilfield machinery,Service industry machinery,"Electrical equipment, n.e.c.",Other nonresidential equipment,Office,Health care,Hospitals,Special care,Medical buildings,Multimerchandise shopping,Food and beverage establishments,Warehouses,Other commercial,Manufacturing,Power and communication,Electric,Other power,Communication,Petroleum and natural gas,Mining,Religious,Educational and vocational,Amusement and recreation,Air,Land,Farm,Other (L66),Housing units,1 to 4 unit,5-or more-unit,Manufactured homes,Brokers' commissions and other ownership transfer costs,Improvements,Other residential,Prepackaged,Custom,Own account,Pharmaceutical and medicine manufacturing,"Chemical manufacturing, excluding pharmaceutical and medicine",Semiconductor and other electronic component manufacturing,"Motor vehicles, bodies and trailers, and parts manufacturing",Aerospace products and parts manufacturing,Other manufacturing,Scientific research and development services,Universities and colleges,Other nonprofit institutions,Theatrical movies,Long-lived television programs,Books,Music,Other (L103)
1958Q1,0.007,1.484,0.20400000000000001,0.464,0.185,1.262,1.042,0.659,1.186,1.528,2.085,1.711,0.775,1.309,2.951,0.375,0.539,0.561,1.313,1.813,1.1280000000000001,0.425,1.299,0.201,0.8280000000000001,1.583,0.789,0.484,0.116,0.189,0.671,0.363,0.303,0.52,2.375,4.391,2.286,1.201,0.904,2.259,0.106,0.863,0.5740000000000001,0.634,0.065,0.523,0.841,0.151,15.289,12.814,1.958,0.517,1.5330000000000001,5.3020000000000005,0.224,0.0,0.0,0.0,0.133,0.617,0.027,0.616,0.35100000000000003,1.5,0.0,0.019,0.145,0.596,0.675,0.3,0.275,0.148
1958Q2,0.007,1.484,0.20400000000000001,0.464,0.185,1.262,1.042,0.659,1.186,1.528,2.085,1.711,0.775,1.309,2.951,0.375,0.539,0.561,1.313,1.813,1.1280000000000001,0.425,1.299,0.201,0.8280000000000001,1.583,0.789,0.484,0.116,0.189,0.671,0.363,0.303,0.52,2.375,4.391,2.286,1.201,0.904,2.259,0.106,0.863,0.5740000000000001,0.634,0.065,0.523,0.841,0.151,15.289,12.814,1.958,0.517,1.5330000000000001,5.3020000000000005,0.224,0.0,0.0,0.0,0.133,0.617,0.027,0.616,0.35100000000000003,1.5,0.0,0.019,0.145,0.596,0.675,0.3,0.275,0.148
1958Q3,0.007,1.484,0.20400000000000001,0.464,0.185,1.262,1.042,0.659,1.186,1.528,2.085,1.711,0.775,1.309,2.951,0.375,0.539,0.561,1.313,1.813,1.1280000000000001,0.425,1.299,0.201,0.8280000000000001,1.583,0.789,0.484,0.116,0.189,0.671,0.363,0.303,0.52,2.375,4.391,2.286,1.201,0.904,2.259,0.106,0.863,0.5740000000000001,0.634,0.065,0.523,0.841,0.151,15.289,12.814,1.958,0.517,1.5330000000000001,5.3020000000000005,0.224,0.0,0.0,0.0,0.133,0.617,0.027,0.616,0.35100000000000003,1.5,0.0,0.019,0.145,0.596,0.675,0.3,0.275,0.148
1958Q4,0.007,1.484,0.20400000000000001,0.464,0.185,1.262,1.042,0.659,1.186,1.528,2.085,1.711,0.775,1.309,2.951,0.375,0.539,0.561,1.313,1.813,1.1280000000000001,0.425,1.299,0.201,0.8280000000000001,1.583,0.789,0.484,0.116,0.189,0.671,0.363,0.303,0.52,2.375,4.391,2.286,1.201,0.904,2.259,0.106,0.863,0.5740000000000001,0.634,0.065,0.523,0.841,0.151,15.289,12.814,1.958,0.517,1.5330000000000001,5.3020000000000005,0.224,0.0,0.0,0.0,0.133,0.617,0.027,0.616,0.35100000000000003,1.5,0.0,0.019,0.145,0.596,0.675,0.3,0.275,0.148
1959Q1,0.02,1.7650000000000001,0.23600000000000002,0.47300000000000003,0.247,1.233,0.9490000000000001,0.584,1.307,1.6600000000000001,2.237,1.788,0.972,1.6440000000000001,3.182,0.861,0.487,0.648,1.36,1.945,1.346,0.505,1.327,0.216,0.994,1.73,0.777,0.46,0.11,0.20700000000000002,0.735,0.397,0.331,0.5670000000000001,2.09,4.287,1.977,1.36,0.9500000000000001,2.396,0.116,0.9470000000000001,0.525,0.734,0.076,0.599,1.115,0.165,19.885,16.738,2.586,0.561,1.873,6.062,0.23800000000000002,0.0,0.003,0.011,0.159,0.675,0.034,0.705,0.353,1.6280000000000001,0.0,0.02,0.166,0.663,0.763,0.334,0.318,0.156
1959Q2,0.02,1.7650000000000001,0.23600000000000002,0.47300000000000003,0.247,1.233,0.9490000000000001,0.584,1.307,1.6600000000000001,2.237,1.788,0.972,1.6440000000000001,3.182,0.861,0.487,0.648,1.36,1.945,1.346,0.505,1.327,0.216,0.994,1.73,0.777,0.46,0.11,0.20700000000000002,0.735,0.397,0.331,0.5670000000000001,2.09,4.287,1.977,1.36,0.9500000000000001,2.396,0.116,0.9470000000000001,0.525,0.734,0.076,0.599,1.115,0.165,19.885,16.738,2.586,0.561,1.873,6.062,0.23800000000000002,0.0,0.003,0.011,0.159,0.675,0.034,0.705,0.353,1.6280000000000001,0.0,0.02,0.166,0.663,0.763,0.334,0.318,0.156
1959Q3,0.02,1.7650000000000001,0.23600000000000002,0.47300000000000003,0.247,1.233,0.9490000000000001,0.584,1.307,1.6600000000000001,2.237,1.788,0.972,1.6440000000000001,3.182,0.861,0.487,0.648,1.36,1.945,1.346,0.505,1.327,0.216,0.994,1.73,0.777,0.46,0.11,0.20700000000000002,0.735,0.397,0.331,0.5670000000000001,2.09,4.287,1.977,1.36,0.9500000000000001,2.396,0.116,0.9470000000000001,0.525,0.734,0.076,0.599,1.115,0.165,19.885,16.738,2.586,0.561,1.873,6.062,0.23800000000000002,0.0,0.003,0.011,0.159,0.675,0.034,0.705,0.353,1.6280000000000001,0.0,0.02,0.166,0.663,0.763,0.334,0.318,0.156
1959Q4,0.02,1.7650000000000001,0.23600000000000002,0.47300000000000003,0.247,1.233,0.9490000000000001,0.584,1.307,1.6600000000000001,2.237,1.788,0.972,1.6440000000000001,3.182,0.861,0.487,0.648,1.36,1.945,1.346,0.505,1.327,0.216,0.994,1.73,0.777,0.46,0.11,0.20700000000000002,0.735,0.397,0.331,0.5670000000000001,2.09,4.287,1.977,1.36,0.9500000000000001,2.396,0.116,0.9470000000000001,0.525,0.734,0.076,0.599,1.115,0.165,19.885,16.738,2.586,0.561,1.873,6.062,0.23800000000000002,0.0,0.003,0.011,0.159,0.675,0.034,0.705,0.353,1.6280000000000001,0.0,0.02,0.166,0.663,0.763,0.334,0.318,0.156
1960Q1,0.192,2.2520000000000002,0.28800000000000003,0.49,0.296,1.224,0.925,0.556,1.549,1.928,2.473,1.944,0.9540000000000001,1.613,3.291,0.779,0.454,0.888,1.4040000000000001,1.573,1.099,0.46900000000000003,1.335,0.231,1.08,1.832,0.8250000000000001,0.488,0.117,0.22,0.783,0.423,0.353,0.591,2.826,4.332,1.967,1.2790000000000001,1.086,2.2,0.125,1.0130000000000001,0.5660000000000001,0.891,0.092,0.607,1.201,0.216,17.733,14.919,2.285,0.529,1.813,6.548,0.233,0.0,0.025,0.10200000000000001,0.167,0.743,0.042,0.737,0.384,1.836,0.0,0.021,0.178,0.47100000000000003,0.8270000000000001,0.36,0.33,0.161
1960Q2,0.192,2.2520000000000002,0.28800000000000003,0.49,0.296,1.224,0.925,0.556,1.549,1.928,2.473,1.944,0.9540000000000001,1.613,3.291,0.779,0.454,0.888,1.4040000000000001,1.573,1.099,0.46900000000000003,1.335,0.231,1.08,1.832,0.8250000000000001,0.488,0.117,0.22,0.783,0.423,0.353,0.591,2.826,4.332,1.967,1.2790000000000001,1.086,2.2,0.125,1.0130000000000001,0.5660000000000001,0.891,0.092,0.607,1.201,0.216,17.733,14.919,2.285,0.529,1.813,6.548,0.233,0.0,0.025,0.10200000000000001,0.167,0.743,0.042,0.737,0.384,1.836,0.0,0.021,0.178,0.47100000000000003,0.8270000000000001,0.36,0.33,0.161
1960Q3,0.192,2.2520000000000002,0.28800000000000003,0.49,0.296,1.224,0.925,0.556,1.549,1.928,2.473,1.944,0.9540000000000001,1.613,3.291,0.779,0.454,0.888,1.4040000000000001,1.573,1.099,0.46900000000000003,1.335,0.231,1.08,1.832,0.8250000000000001,0.488,0.117,0.22,0.783,0.423,0.353,0.591,2.826,4.332,1.967,1.2790000000000001,1.086,2.2,0.125,1.0130000000000001,0.5660000000000001,0.891,0.092,0.607,1.201,0.216,17.733,14.919,2.285,0.529,1.813,6.548,0.233,0.0,0.025,0.10200000000000001,0.167,0.743,0.042,0.737,0.384,1.836,0.0,0.021,0.178,0.47100000000000003,0.8270000000000001,0.36,0.33,0.161
1960Q4,0.192,2.2520000000000002,0.28800000000000003,0.49,0.296,1.224,0.925,0.556,1.549,1.928,2.473,1.944,0.9540000000000001,1.613,3.291,0.779,0.454,0.888,1.4040000000000001,1.573,1.099,0.46900000000000003,1.335,0.231,1.08,1.832,0.8250000000000001,0.488,0.117,0.22,0.783,0.423,0.353,0.591,2.826,4.332,1.967,1.2790000000000001,1.086,2.2,0.125,1.0130000000000001,0.5660000000000001,0.891,0.092,0.607,1.201,0.216,17.733,14.919,2.285,0.529,1.813,6.548,0.233,0.0,0.025,0.10200000000000001,0.167,0.743,0.042,0.737,0.384,1.836,0.0,0.021,0.178,0.47100000000000003,0.8270000000000001,0.36,0.33,0.161
1961Q1,0.261,2.6830000000000003,0.32,0.47900000000000004,0.309,1.042,0.863,0.47700000000000004,1.399,1.853,2.329,1.8800000000000001,0.989,1.671,3.037,0.8150000000000001,0.395,0.609,1.356,1.637,1.055,0.426,1.304,0.23900000000000002,1.171,2.044,1.0170000000000001,0.622,0.149,0.246,0.877,0.47400000000000003,0.396,0.65,2.751,4.0360000000000005,1.809,1.25,0.977,2.173,0.135,1.0030000000000001,0.609,0.848,0.08700000000000001,0.503,1.156,0.196,17.556,14.146,2.9,0.51,1.879,6.742,0.315,0.0,0.029,0.138,0.187,0.804,0.052000000000000005,0.776,0.41300000000000003,1.7590000000000001,0.0,0.023,0.216,0.85,0.875,0.387,0.374,0.167
1961Q2,0.261,2.6830000000000003,0.32,0.47900000000000004,0.309,1.042,0.863,0.47700000000000004,1.399,1.853,2.329,1.8800000000000001,0.989,1.671,3.037,0.8150000000000001,0.395,0.609,1.356,1.637,1.055,0.426,1.304,0.23900000000000002,1.171,2.044,1.0170000000000001,0.622,0.149,0.246,0.877,0.47400000000000003,0.396,0.65,2.751,4.0360000000000005,1.809,1.25,0.977,2.173,0.135,1.0030000000000001,0.609,0.848,0.08700000000000001,0.503,1.156,0.196,17.556,14.146,2.9,0.51,1.879,6.742,0.315,0.0,0.029,0.138,0.187,0.804,0.052000000000000005,0.776,0.41300000000000003,1.7590000000000001,0.0,0.023,0.216,0.85,0.875,0.387,0.374,0.167
1961Q3,0.261,2.6830000000000003,0.32,0.47900000000000004,0.309,1.042,0.863,0.47700000000000004,1.399,1.853,2.329,1.8800000000000001,0.989,1.671,3.037,0.8150000000000001,0.395,0.609,1.356,1.637,1.055,0.426,1.304,0.23900000000000002,1.171,2.044,1.0170000000000001,0.622,0.149,0.246,0.877,0.47400000000000003,0.396,0.65,2.751,4.0360000000000005,1.809,1.25,0.977,2.173,0.135,1.0030000000000001,0.609,0.848,0.08700000000000001,0.503,1.156,0.196,17.556,14.146,2.9,0.51,1.879,6.742,0.315,0.0,0.029,0.138,0.187,0.804,0.052000000000000005,0.776,0.41300000000000003,1.7590000000000001,0.0,0.023,0.216,0.85,0.875,0.387,0.374,0.167
1961Q4,0.261,2.6830000000000003,0.32,0.47900000000000004,0.309,1.042,0.863,0.47700000000000004,1.399,1.853,2.329,1.8800000000000001,0.989,1.671,3.037,0.8150000000000001,0.395,0.609,1.356,1.637,1.055,0.426,1.304,0.23900000000000002,1.171,2.044,1.0170000000000001,0.622,0.149,0.246,0.877,0.47400000000000003,0.396,0.65,2.751,4.0360000000000005,1.809,1.25,0.977,2.173,0.135,1.0030000000000001,0.609,0.848,0.08700000000000001,0.503,1.156,0.196,17.556,14.146,2.9,0.51,1.879,6.742,0.315,0.0,0.029,0.138,0.187,0.804,0.052000000000000005,0.776,0.41300000000000003,1.7590000000000001,0.0,0.023,0.216,0.85,0.875,0.387,0.374,0.167
1962Q1,0.34700000000000003,3.035,0.343,0.446,0.392,0.923,0.793,0.425,1.576,2.0420000000000003,2.5100000000000002,1.907,1.2670000000000001,2.1430000000000002,3.866,0.781,0.41400000000000003,0.933,1.434,1.782,1.1360000000000001,0.421,1.3780000000000001,0.26,1.3,2.25,1.256,0.794,0.191,0.271,0.964,0.521,0.435,0.718,2.807,4.006,1.802,1.211,0.993,2.323,0.14400000000000002,1.033,0.68,0.889,0.091,0.512,1.283,0.214,20.196,15.276,4.356,0.5640000000000001,2.162,6.227,0.519,0.004,0.033,0.184,0.201,0.86,0.057,0.789,0.47900000000000004,1.9100000000000001,0.0,0.025,0.266,0.6990000000000001,0.905,0.41600000000000004,0.39,0.177
1962Q2,0.34700000000000003,3.035,0.343,0.446,0.392,0.923,0.793,0.425,1.576,2.0420000000000003,2.5100000000000002,1.907,1.2670000000000001,2.1430000000000002,3.866,0.781,0.41400000000000003,0.933,1.434,1.782,1.1360000000000001,0.421,1.3780000000000001,0.26,1.3,2.25,1.256,0.794,0.191,0.271,0.964,0.521,0.435,0.718,2.807,4.006,1.802,1.211,0.993,2.323,0.14400000000000002,1.033,0.68,0.889,0.091,0.512,1.283,0.214,20.196,15.276,4.356,0.5640000000000001,2.162,6.227,0.519,0.004,0.033,0.184,0.201,0.86,0.057,0.789,0.47900000000000004,1.9100000000000001,0.0,0.025,0.266,0.6990000000000001,0.905,0.41600000000000004,0.39,0.177
1962Q3,0.34700000000000003,3.035,0.343,0.446,0.392,0.923,0.793,0.425,1.576,2.0420000000000003,2.5100000000000002,1.907,1.2670000000000001,2.1430000000000002,3.866,0.781,0.41400000000000003,0.933,1.434,1.782,1.1360000000000001,0.421,1.3780000000000001,0.26,1.3,2.25,1.256,0.794,0.191,0.271,0.964,0.521,0.435,0.718,2.807,4.006,1.802,1.211,0.993,2.323,0.14400000000000002,1.033,0.68,0.889,0.091,0.512,1.283,0.214,20.196,15.276,4.356,0.5640000000000001,2.162,6.227,0.519,0.004,0.033,0.184,0.201,0.86,0.057,0.789,0.47900000000000004,1.9100000000000001,0.0,0.025,0.266,0.6990000000000001,0.905,0.41600000000000004,0.39,0.177
1962Q4,0.34700000000000003,3.035,0.343,0.446,0.392,0.923,0.793,0.425,1.576,2.0420000000000003,2.5100000000000002,1.907,1.2670000000000001,2.1430000000000002,3.866,0.781,0.41400000000000003,0.933,1.434,1.782,1.1360000000000001,0.421,1.3780000000000001,0.26,1.3,2.25,1.256,0.794,0.191,0.271,0.964,0.521,0.435,0.718,2.807,4.006,1.802,1.211,0.993,2.323,0.14400000000000002,1.033,0.68,0.889,0.091,0.512,1.283,0.214,20.196,15.276,4.356,0.5640000000000001,2.162,6.227,0.519,0.004,0.033,0.184,0.201,0.86,0.057,0.789,0.47900000000000004,1.9100000000000001,0.0,0.025,0.266,0.6990000000000001,0.905,0.41600000000000004,0.39,0.177
1963Q1,0.734,2.868,0.418,0.47400000000000003,0.622,0.978,0.877,0.423,1.9060000000000001,2.066,2.875,1.8800000000000001,1.337,2.259,3.638,0.488,0.362,0.977,1.609,2.24,1.534,0.538,1.36,0.34700000000000003,1.425,2.183,1.294,0.8300000000000001,0.2,0.264,0.934,0.504,0.421,0.7030000000000001,2.861,4.123,1.7890000000000001,1.211,1.123,2.074,0.154,1.0010000000000001,0.678,0.988,0.10200000000000001,0.554,1.321,0.23900000000000002,22.864,16.573,5.6530000000000005,0.638,2.448,6.509,0.443,0.007,0.037,0.389,0.218,0.918,0.062,0.876,0.47700000000000004,1.988,0.0,0.026000000000000002,0.311,0.836,0.969,0.451,0.383,0.184
1963Q2,0.734,2.868,0.418,0.47400000000000003,0.622,0.978,0.877,0.423,1.9060000000000001,2.066,2.875,1.8800000000000001,1.337,2.259,3.638,0.488,0.362,0.977,1.609,2.24,1.534,0.538,1.36,0.34700000000000003,1.425,2.183,1.294,0.8300000000000001,0.2,0.264,0.934,0.504,0.421,0.7030000000000001,2.861,4.123,1.7890000000000001,1.211,1.123,2.074,0.154,1.0010000000000001,0.678,0.988,0.10200000000000001,0.554,1.321,0.23900000000000002,22.864,16.573,5.6530000000000005,0.638,2.448,6.509,0.443,0.007,0.037,0.389,0.218,0.918,0.062,0.876,0.47700000000000004,1.988,0.0,0.026000000000000002,0.311,0.836,0.969,0.451,0.383,0.184
1963Q3,0.734,2.868,0.418,0.47400000000000003,0.622,0.978,0.877,0.423,1.9060000000000001,2.066,2.875,1.8800000000000001,1.337,2.259,3.638,0.488,0.362,0.977,1.609,2.24,1.534,0.538,1.36,0.34700000000000003,1.425,2.183,1.294,0.8300000000000001,0.2,0.264,0.934,0.504,0.421,0.7030000000000001,2.861,4.123,1.7890000000000001,1.211,1.123,2.074,0.154,1.0010000000000001,0.678,0.988,0.10200000000000001,0.554,1.321,0.23900000000000002,22.864,16.573,5.6530000000000005,0.638,2.448,6.509,0.443,0.007,0.037,0.389,0.218,0.918,0.062,0.876,0.47700000000000004,1.988,0.0,0.026000000000000002,0.311,0.836,0.969,0.451,0.383,0.184
1963Q4,0.734,2.868,0.418,0.47400000000000003,0.622,0.978,0.877,0.423,1.9060000000000001,2.066,2.875,1.8800000000000001,1.337,2.259,3.638,0.488,0.362,0.977,1.609,2.24,1.534,0.538,1.36,0.34700000000000003,1.425,2.183,1.294,0.8300000000000001,0.2,0.264,0.934,0.504,0.421,0.7030000000000001,2.861,4.123,1.7890000000000001,1.211,1.123,2.074,0.154,1.0010000000000001,0.678,0.988,0.10200000000000001,0.554,1.321,0.23900000000000002,22.864,16.573,5.6530000000000005,0.638,2.448,6.509,0.443,0.007,0.037,0.389,0.218,0.918,0.062,0.876,0.47700000000000004,1.988,0.0,0.026000000000000002,0.311,0.836,0.969,0.451,0.383,0.184
1964Q1,0.927,2.995,0.47900000000000004,0.495,0.9490000000000001,0.978,1.0190000000000001,0.427,2.033,2.395,3.442,2.117,1.389,2.347,3.842,0.841,0.424,1.397,1.7650000000000001,2.457,1.887,0.609,1.5090000000000001,0.376,1.597,2.358,1.576,1.041,0.25,0.28500000000000003,1.01,0.545,0.456,0.755,3.52,4.539,1.947,1.284,1.308,2.235,0.158,0.992,0.751,0.981,0.1,0.599,1.331,0.253,24.675,17.716,6.103,0.856,2.634,6.613,0.55,0.009000000000000001,0.041,0.491,0.21,1.028,0.07200000000000001,0.9430000000000001,0.482,2.165,0.0,0.032,0.34600000000000003,0.784,0.98,0.503,0.317,0.199
1964Q2,0.927,2.995,0.47900000000000004,0.495,0.9490000000000001,0.978,1.0190000000000001,0.427,2.033,2.395,3.442,2.117,1.389,2.347,3.842,0.841,0.424,1.397,1.7650000000000001,2.457,1.887,0.609,1.5090000000000001,0.376,1.597,2.358,1.576,1.041,0.25,0.28500000000000003,1.01,0.545,0.456,0.755,3.52,4.539,1.947,1.284,1.308,2.235,0.158,0.992,0.751,0.981,0.1,0.599,1.331,0.253,24.675,17.716,6.103,0.856,2.634,6.613,0.55,0.009000000000000001,0.041,0.491,0.21,1.028,0.07200000000000001,0.9430000000000001,0.482,2.165,0.0,0.032,0.34600000000000003,0.784,0.98,0.503,0.317,0.199
1964Q3,0.927,2.995,0.47900000000000004,0.495,0.9490000000000001,0.978,1.0190000000000001,0.427,2.033,2.395,3.442,2.117,1.389,2.347,3.842,0.841,0.424,1.397,1.7650000000000001,2.457,1.887,0.609,1.5090000000000001,0.376,1.597,2.358,1.576,1.041,0.25,0.28500000000000003,1.01,0.545,0.456,0.755,3.52,4.539,1.947,1.284,1.308,2.235,0.158,0.992,0.751,0.981,0.1,0.599,1.331,0.253,24.675,17.716,6.103,0.856,2.634,6.613,0.55,0.009000000000000001,0.041,0.491,0.21,1.028,0.07200000000000001,0.9430000000000001,0.482,2.165,0.0,0.032,0.34600000000000003,0.784,0.98,0.503,0.317,0.199
1964Q4,0.927,2.995,0.47900000000000004,0.495,0.9490000000000001,0.978,1.0190000000000001,0.427,2.033,2.395,3.442,2.117,1.389,2.347,3.842,0.841,0.424,1.397,1.7650000000000001,2.457,1.887,0.609,1.5090000000000001,0.376,1.597,2.358,1.576,1.041,0.25,0.28500000000000003,1.01,0.545,0.456,0.755,3.52,4.539,1.947,1.284,1.308,2.235,0.158,0.992,0.751,0.981,0.1,0.599,1.331,0.253,24.675,17.716,6.103,0.856,2.634,6.613,0.55,0.009000000000000001,0.041,0.491,0.21,1.028,0.07200000000000001,0.9430000000000001,0.482,2.165,0.0,0.032,0.34600000000000003,0.784,0.98,0.503,0.317,0.199
1965Q1,1.163,3.451,0.521,0.5670000000000001,1.1380000000000001,1.0,1.207,0.45,2.625,3.108,3.927,2.363,1.73,2.9250000000000003,4.7780000000000005,1.283,0.489,1.709,1.944,2.741,2.188,0.687,1.7890000000000001,0.434,1.719,2.936,1.747,1.124,0.27,0.353,1.2570000000000001,0.679,0.5670000000000001,0.937,5.057,5.083,2.233,1.393,1.457,2.255,0.163,1.201,0.787,1.322,0.136,0.668,1.387,0.32,24.459,18.243000000000002,5.191,1.025,2.828,6.574,0.615,0.012,0.049,0.616,0.254,1.094,0.085,0.993,0.684,2.308,0.0,0.044,0.382,0.986,1.171,0.529,0.34500000000000003,0.209
1965Q2,1.163,3.451,0.521,0.5670000000000001,1.1380000000000001,1.0,1.207,0.45,2.625,3.108,3.927,2.363,1.73,2.9250000000000003,4.7780000000000005,1.283,0.489,1.709,1.944,2.741,2.188,0.687,1.7890000000000001,0.434,1.719,2.936,1.747,1.124,0.27,0.353,1.2570000000000001,0.679,0.5670000000000001,0.937,5.057,5.083,2.233,1.393,1.457,2.255,0.163,1.201,0.787,1.322,0.136,0.668,1.387,0.32,24.459,18.243000000000002,5.191,1.025,2.828,6.574,0.615,0.012,0.049,0.616,0.254,1.094,0.085,0.993,0.684,2.308,0.0,0.044,0.382,0.986,1.171,0.529,0.34500000000000003,0.209
1965Q3,1.163,3.451,0.521,0.5670000000000001,1.1380000000000001,1.0,1.207,0.45,2.625,3.108,3.927,2.363,1.73,2.9250000000000003,4.7780000000000005,1.283,0.489,1.709,1.944,2.741,2.188,0.687,1.7890000000000001,0.434,1.719,2.936,1.747,1.124,0.27,0.353,1.2570000000000001,0.679,0.5670000000000001,0.937,5.057,5.083,2.233,1.393,1.457,2.255,0.163,1.201,0.787,1.322,0.136,0.668,1.387,0.32,24.459,18.243000000000002,5.191,1.025,2.828,6.574,0.615,0.012,0.049,0.616,0.254,1.094,0.085,0.993,0.684,2.308,0.0,0.044,0.382,0.986,1.171,0.529,0.34500000000000003,0.209
1965Q4,1.163,3.451,0.521,0.5670000000000001,1.1380000000000001,1.0,1.207,0.45,2.625,3.108,3.927,2.363,1.73,2.9250000000000003,4.7780000000000005,1.283,0.489,1.709,1.944,2.741,2.188,0.687,1.7890000000000001,0.434,1.719,2.936,1.747,1.124,0.27,0.353,1.2570000000000001,0.679,0.5670000000000001,0.937,5.057,5.083,2.233,1.393,1.457,2.255,0.163,1.201,0.787,1.322,0.136,0.668,1.387,0.32,24.459,18.243000000000002,5.191,1.025,2.828,6.574,0.615,0.012,0.049,0.616,0.254,1.094,0.085,0.993,0.684,2.308,0.0,0.044,0.382,0.986,1.171,0.529,0.34500000000000003,0.209
1966Q1,1.698,3.974,0.605,0.639,1.447,1.289,1.411,0.546,3.29,3.466,4.571,2.866,2.0100000000000002,3.3970000000000002,4.515,1.816,0.529,1.998,2.218,3.269,2.482,0.73,2.063,0.45,1.989,2.967,1.7790000000000001,1.147,0.276,0.356,1.268,0.685,0.5720000000000001,0.9510000000000001,6.541,5.54,2.235,1.704,1.601,2.273,0.168,1.145,0.987,1.401,0.14300000000000002,0.787,1.484,0.362,22.265,16.696,4.485,1.084,2.843,6.985,0.594,0.021,0.091,0.899,0.305,1.1340000000000001,0.097,1.105,0.846,2.551,0.0,0.053,0.425,0.925,1.488,0.602,0.467,0.226
1966Q2,1.698,3.974,0.605,0.639,1.447,1.289,1.411,0.546,3.29,3.466,4.571,2.866,2.0100000000000002,3.3970000000000002,4.515,1.816,0.529,1.998,2.218,3.269,2.482,0.73,2.063,0.45,1.989,2.967,1.7790000000000001,1.147,0.276,0.356,1.268,0.685,0.5720000000000001,0.9510000000000001,6.541,5.54,2.235,1.704,1.601,2.273,0.168,1.145,0.987,1.401,0.14300000000000002,0.787,1.484,0.362,22.265,16.696,4.485,1.084,2.843,6.985,0.594,0.021,0.091,0.899,0.305,1.1340000000000001,0.097,1.105,0.846,2.551,0.0,0.053,0.425,0.925,1.488,0.602,0.467,0.226
1966Q3,1.698,3.974,0.605,0.639,1.447,1.289,1.411,0.546,3.29,3.466,4.571,2.866,2.0100000000000002,3.3970000000000002,4.515,1.816,0.529,1.998,2.218,3.269,2.482,0.73,2.063,0.45,1.989,2.967,1.7790000000000001,1.147,0.276,0.356,1.268,0.685,0.5720000000000001,0.9510000000000001,6.541,5.54,2.235,1.704,1.601,2.273,0.168,1.145,0.987,1.401,0.14300000000000002,0.787,1.484,0.362,22.265,16.696,4.485,1.084,2.843,6.985,0.594,0.021,0.091,0.899,0.305,1.1340000000000001,0.097,1.105,0.846,2.551,0.0,0.053,0.425,0.925,1.488,0.602,0.467,0.226
1966Q4,1.698,3.974,0.605,0.639,1.447,1.289,1.411,0.546,3.29,3.466,4.571,2.866,2.0100000000000002,3.3970000000000002,4.515,1.816,0.529,1.998,2.218,3.269,2.482,0.73,2.063,0.45,1.989,2.967,1.7790000000000001,1.147,0.276,0.356,1.268,0.685,0.5720000000000001,0.9510000000000001,6.541,5.54,2.235,1.704,1.601,2.273,0.168,1.145,0.987,1.401,0.14300000000000002,0.787,1.484,0.362,22.265,16.696,4.485,1.084,2.843,6.985,0.594,0.021,0.091,0.899,0.305,1.1340000000000001,0.097,1.105,0.846,2.551,0.0,0.053,0.425,0.925,1.488,0.602,0.467,0.226
1967Q1,1.869,4.214,0.8210000000000001,0.722,1.226,1.2530000000000001,1.405,0.76,4.223,3.3240000000000003,4.2700000000000005,2.9370000000000003,1.805,3.052,4.247,2.489,0.556,1.774,2.298,3.412,2.287,0.5640000000000001,2.088,0.333,1.786,2.985,1.689,1.074,0.258,0.357,1.272,0.687,0.5740000000000001,0.965,5.946,6.54,3.116,1.795,1.629,2.253,0.17200000000000001,1.063,1.048,1.3940000000000001,0.14300000000000002,0.74,1.702,0.34600000000000003,21.989,16.775,4.005,1.209,3.0620000000000003,7.384,0.481,0.033,0.149,0.99,0.343,1.195,0.111,1.103,1.2,2.775,0.0,0.06,0.46900000000000003,1.0110000000000001,1.373,0.653,0.5630000000000001,0.244
1967Q2,1.869,4.214,0.8210000000000001,0.722,1.226,1.2530000000000001,1.405,0.76,4.223,3.3240000000000003,4.2700000000000005,2.9370000000000003,1.805,3.052,4.247,2.489,0.556,1.774,2.298,3.412,2.287,0.5640000000000001,2.088,0.333,1.786,2.985,1.689,1.074,0.258,0.357,1.272,0.687,0.5740000000000001,0.965,5.946,6.54,3.116,1.795,1.629,2.253,0.17200000000000001,1.063,1.048,1.3940000000000001,0.14300000000000002,0.74,1.702,0.34600000000000003,21.989,16.775,4.005,1.209,3.0620000000000003,7.384,0.481,0.033,0.149,0.99,0.343,1.195,0.111,1.103,1.2,2.775,0.0,0.06,0.46900000000000003,1.0110000000000001,1.373,0.653,0.5630000000000001,0.244
1967Q3,1.869,4.214,0.8210000000000001,0.722,1.226,1.2530000000000001,1.405,0.76,4.223,3.3240000000000003,4.2700000000000005,2.9370000000000003,1.805,3.052,4.247,2.489,0.556,1.774,2.298,3.412,2.287,0.5640000000000001,2.088,0.333,1.786,2.985,1.689,1.074,0.258,0.357,1.272,0.687,0.5740000000000001,0.965,5.946,6.54,3.116,1.795,1.629,2.253,0.17200000000000001,1.063,1.048,1.3940000000000001,0.14300000000000002,0.74,1.702,0.34600000000000003,21.989,16.775,4.005,1.209,3.0620000000000003,7.384,0.481,0.033,0.149,0.99,0.343,1.195,0.111,1.103,1.2,2.775,0.0,0.06,0.46900000000000003,1.0110000000000001,1.373,0.653,0.5630000000000001,0.244
1967Q4,1.869,4.214,0.8210000000000001,0.722,1.226,1.2530000000000001,1.405,0.76,4.223,3.3240000000000003,4.2700000000000005,2.9370000000000003,1.805,3.052,4.247,2.489,0.556,1.774,2.298,3.412,2.287,0.5640000000000001,2.088,0.333,1.786,2.985,1.689,1.074,0.258,0.357,1.272,0.687,0.5740000000000001,0.965,5.946,6.54,3.116,1.795,1.629,2.253,0.17200000000000001,1.063,1.048,1.3940000000000001,0.14300000000000002,0.74,1.702,0.34600000000000003,21.989,16.775,4.005,1.209,3.0620000000000003,7.384,0.481,0.033,0.149,0.99,0.343,1.195,0.111,1.103,1.2,2.775,0.0,0.06,0.46900000000000003,1.0110000000000001,1.373,0.653,0.5630000000000001,0.244
1968Q1,1.925,4.609,0.844,0.735,1.304,1.18,1.704,0.9400000000000001,3.915,3.46,4.347,2.914,2.193,3.723,5.702,3.666,0.756,1.296,2.331,3.278,2.512,0.604,2.255,0.387,2.02,3.41,1.986,1.2730000000000001,0.306,0.40700000000000003,1.459,0.788,0.658,1.09,6.011,7.554,3.543,2.318,1.693,2.341,0.215,1.079,1.147,0.751,0.07,0.896,1.598,0.362,27.696,19.819,6.152,1.725,3.59,7.632000000000001,0.41600000000000004,0.059000000000000004,0.24,1.0190000000000001,0.402,1.264,0.11900000000000001,1.249,1.297,3.092,0.0,0.065,0.507,1.417,1.359,0.678,0.623,0.262
1968Q2,1.925,4.609,0.844,0.735,1.304,1.18,1.704,0.9400000000000001,3.915,3.46,4.347,2.914,2.193,3.723,5.702,3.666,0.756,1.296,2.331,3.278,2.512,0.604,2.255,0.387,2.02,3.41,1.986,1.2730000000000001,0.306,0.40700000000000003,1.459,0.788,0.658,1.09,6.011,7.554,3.543,2.318,1.693,2.341,0.215,1.079,1.147,0.751,0.07,0.896,1.598,0.362,27.696,19.819,6.152,1.725,3.59,7.632000000000001,0.41600000000000004,0.059000000000000004,0.24,1.0190000000000001,0.402,1.264,0.11900000000000001,1.249,1.297,3.092,0.0,0.065,0.507,1.417,1.359,0.678,0.623,0.262
1968Q3,1.925,4.609,0.844,0.735,1.304,1.18,1.704,0.9400000000000001,3.915,3.46,4.347,2.914,2.193,3.723,5.702,3.666,0.756,1.296,2.331,3.278,2.512,0.604,2.255,0.387,2.02,3.41,1.986,1.2730000000000001,0.306,0.40700000000000003,1.459,0.788,0.658,1.09,6.011,7.554,3.543,2.318,1.693,2.341,0.215,1.079,1.147,0.751,0.07,0.896,1.598,0.362,27.696,19.819,6.152,1.725,3.59,7.632000000000001,0.41600000000000004,0.059000000000000004,0.24,1.0190000000000001,0.402,1.264,0.11900000000000001,1.249,1.297,3.092,0.0,0.065,0.507,1.417,1.359,0.678,0.623,0.262
1968Q4,1.925,4.609,0.844,0.735,1.304,1.18,1.704,0.9400000000000001,3.915,3.46,4.347,2.914,2.193,3.723,5.702,3.666,0.756,1.296,2.331,3.278,2.512,0.604,2.255,0.387,2.02,3.41,1.986,1.2730000000000001,0.306,0.40700000000000003,1.459,0.788,0.658,1.09,6.011,7.554,3.543,2.318,1.693,2.341,0.215,1.079,1.147,0.751,0.07,0.896,1.598,0.362,27.696,19.819,6.152,1.725,3.59,7.632000000000001,0.41600000000000004,0.059000000000000004,0.24,1.0190000000000001,0.402,1.264,0.11900000000000001,1.249,1.297,3.092,0.0,0.065,0.507,1.417,1.359,0.678,0.623,0.262
1969Q1,2.44,5.667,1.061,0.798,1.46,1.395,2.118,1.104,3.97,3.745,5.0280000000000005,3.086,2.641,4.497,5.8950000000000005,2.753,0.856,1.793,2.7,3.432,2.863,0.668,2.576,0.443,2.249,4.138,2.669,1.7530000000000001,0.422,0.494,1.7770000000000001,0.9590000000000001,0.801,1.308,6.797,7.937,3.751,1.998,2.188,2.533,0.258,0.993,1.083,0.9560000000000001,0.089,0.966,1.689,0.467,30.806,20.302,8.171,2.333,4.03,8.184000000000001,0.34600000000000003,0.098,0.398,1.294,0.449,1.336,0.131,1.41,1.428,3.38,0.0,0.067,0.521,1.11,1.485,0.729,0.777,0.279
1969Q2,2.44,5.667,1.061,0.798,1.46,1.395,2.118,1.104,3.97,3.745,5.0280000000000005,3.086,2.641,4.497,5.8950000000000005,2.753,0.856,1.793,2.7,3.432,2.863,0.668,2.576,0.443,2.249,4.138,2.669,1.7530000000000001,0.422,0.494,1.7770000000000001,0.9590000000000001,0.801,1.308,6.797,7.937,3.751,1.998,2.188,2.533,0.258,0.993,1.083,0.9560000000000001,0.089,0.966,1.689,0.467,30.806,20.302,8.171,2.333,4.03,8.184000000000001,0.34600000000000003,0.098,0.398,1.294,0.449,1.336,0.131,1.41,1.428,3.38,0.0,0.067,0.521,1.11,1.485,0.729,0.777,0.279
1969Q3,2.44,5.667,1.061,0.798,1.46,1.395,2.118,1.104,3.97,3.745,5.0280000000000005,3.086,2.641,4.497,5.8950000000000005,2.753,0.856,1.793,2.7,3.432,2.863,0.668,2.576,0.443,2.249,4.138,2.669,1.7530000000000001,0.422,0.494,1.7770000000000001,0.9590000000000001,0.801,1.308,6.797,7.937,3.751,1.998,2.188,2.533,0.258,0.993,1.083,0.9560000000000001,0.089,0.966,1.689,0.467,30.806,20.302,8.171,2.333,4.03,8.184000000000001,0.34600000000000003,0.098,0.398,1.294,0.449,1.336,0.131,1.41,1.428,3.38,0.0,0.067,0.521,1.11,1.485,0.729,0.777,0.279
1969Q4,2.44,5.667,1.061,0.798,1.46,1.395,2.118,1.104,3.97,3.745,5.0280000000000005,3.086,2.641,4.497,5.8950000000000005,2.753,0.856,1.793,2.7,3.432,2.863,0.668,2.576,0.443,2.249,4.138,2.669,1.7530000000000001,0.422,0.494,1.7770000000000001,0.9590000000000001,0.801,1.308,6.797,7.937,3.751,1.998,2.188,2.533,0.258,0.993,1.083,0.9560000000000001,0.089,0.966,1.689,0.467,30.806,20.302,8.171,2.333,4.03,8.184000000000001,0.34600000000000003,0.098,0.398,1.294,0.449,1.336,0.131,1.41,1.428,3.38,0.0,0.067,0.521,1.11,1.485,0.729,0.777,0.279
1970Q1,2.722,6.511,1.243,0.892,1.708,1.24,2.577,1.2650000000000001,3.98,3.9210000000000003,5.257,3.282,2.278,3.9010000000000002,4.368,2.4210000000000003,0.889,1.463,2.73,4.01,2.88,0.932,2.665,0.508,2.459,4.316,3.1510000000000002,2.124,0.511,0.516,1.857,1.0030000000000001,0.838,1.353,6.97,9.078,4.196,1.939,2.943,2.478,0.302,0.9390000000000001,0.925,1.057,0.096,0.86,1.875,0.583,28.512,18.056,8.14,2.316,4.5520000000000005,8.994,0.232,0.215,0.665,1.441,0.497,1.437,0.148,1.414,1.2790000000000001,3.603,0.0,0.07200000000000001,0.56,0.762,1.5350000000000001,0.77,0.79,0.292
1970Q2,2.722,6.511,1.243,0.892,1.708,1.24,2.577,1.2650000000000001,3.98,3.9210000000000003,5.257,3.282,2.278,3.9010000000000002,4.368,2.4210000000000003,0.889,1.463,2.73,4.01,2.88,0.932,2.665,0.508,2.459,4.316,3.1510000000000002,2.124,0.511,0.516,1.857,1.0030000000000001,0.838,1.353,6.97,9.078,4.196,1.939,2.943,2.478,0.302,0.9390000000000001,0.925,1.057,0.096,0.86,1.875,0.583,28.512,18.056,8.14,2.316,4.5520000000000005,8.994,0.232,0.215,0.665,1.441,0.497,1.437,0.148,1.414,1.2790000000000001,3.603,0.0,0.07200000000000001,0.56,0.762,1.5350000000000001,0.77,0.79,0.292
1970Q3,2.722,6.511,1.243,0.892,1.708,1.24,2.577,1.2650000000000001,3.98,3.9210000000000003,5.257,3.282,2.278,3.9010000000000002,4.368,2.4210000000000003,0.889,1.463,2.73,4.01,2.88,0.932,2.665,0.508,2.459,4.316,3.1510000000000002,2.124,0.511,0.516,1.857,1.0030000000000001,0.838,1.353,6.97,9.078,4.196,1.939,2.943,2.478,0.302,0.9390000000000001,0.925,1.057,0.096,0.86,1.875,0.583,28.512,18.056,8.14,2.316,4.5520000000000005,8.994,0.232,0.215,0.665,1.441,0.497,1.437,0.148,1.414,1.2790000000000001,3.603,0.0,0.07200000000000001,0.56,0.762,1.5350000000000001,0.77,0.79,0.292
1970Q4,2.722,6.511,1.243,0.892,1.708,1.24,2.577,1.2650000000000001,3.98,3.9210000000000003,5.257,3.282,2.278,3.9010000000000002,4.368,2.4210000000000003,0.889,1.463,2.73,4.01,2.88,0.932,2.665,0.508,2.459,4.316,3.1510000000000002,2.124,0.511,0.516,1.857,1.0030000000000001,0.838,1.353,6.97,9.078,4.196,1.939,2.943,2.478,0.302,0.9390000000000001,0.925,1.057,0.096,0.86,1.875,0.583,28.512,18.056,8.14,2.316,4.5520000000000005,8.994,0.232,0.215,0.665,1.441,0.497,1.437,0.148,1.414,1.2790000000000001,3.603,0.0,0.07200000000000001,0.56,0.762,1.5350000000000001,0.77,0.79,0.292
1971Q1,2.774,6.641,1.486,0.875,2.0180000000000002,1.131,2.7680000000000002,1.453,3.144,3.791,5.2,3.103,2.6550000000000002,4.554,6.477,1.326,0.861,1.573,2.64,3.918,3.003,1.084,2.814,0.525,2.722,5.15,3.68,2.471,0.594,0.615,2.223,1.2,1.0030000000000001,1.6,6.236,9.72,4.731,2.019,2.97,2.307,0.34500000000000003,0.8240000000000001,1.008,1.092,0.099,0.9520000000000001,1.9160000000000001,0.611,40.723,26.487000000000002,11.084,3.152,5.872,10.114,0.166,0.24,0.8140000000000001,1.356,0.561,1.441,0.154,1.618,1.072,3.733,0.0,0.078,0.603,0.885,1.546,0.803,0.793,0.329
1971Q2,2.774,6.641,1.486,0.875,2.0180000000000002,1.131,2.7680000000000002,1.453,3.144,3.791,5.2,3.103,2.6550000000000002,4.554,6.477,1.326,0.861,1.573,2.64,3.918,3.003,1.084,2.814,0.525,2.722,5.15,3.68,2.471,0.594,0.615,2.223,1.2,1.0030000000000001,1.6,6.236,9.72,4.731,2.019,2.97,2.307,0.34500000000000003,0.8240000000000001,1.008,1.092,0.099,0.9520000000000001,1.9160000000000001,0.611,40.723,26.487000000000002,11.084,3.152,5.872,10.114,0.166,0.24,0.8140000000000001,1.356,0.561,1.441,0.154,1.618,1.072,3.733,0.0,0.078,0.603,0.885,1.546,0.803,0.793,0.329
1971Q3,2.774,6.641,1.486,0.875,2.0180000000000002,1.131,2.7680000000000002,1.453,3.144,3.791,5.2,3.103,2.6550000000000002,4.554,6.477,1.326,0.861,1.573,2.64,3.918,3.003,1.084,2.814,0.525,2.722,5.15,3.68,2.471,0.594,0.615,2.223,1.2,1.0030000000000001,1.6,6.236,9.72,4.731,2.019,2.97,2.307,0.34500000000000003,0.8240000000000001,1.008,1.092,0.099,0.9520000000000001,1.9160000000000001,0.611,40.723,26.487000000000002,11.084,3.152,5.872,10.114,0.166,0.24,0.8140000000000001,1.356,0.561,1.441,0.154,1.618,1.072,3.733,0.0,0.078,0.603,0.885,1.546,0.803,0.793,0.329
1971Q4,2.774,6.641,1.486,0.875,2.0180000000000002,1.131,2.7680000000000002,1.453,3.144,3.791,5.2,3.103,2.6550000000000002,4.554,6.477,1.326,0.861,1.573,2.64,3.918,3.003,1.084,2.814,0.525,2.722,5.15,3.68,2.471,0.594,0.615,2.223,1.2,1.0030000000000001,1.6,6.236,9.72,4.731,2.019,2.97,2.307,0.34500000000000003,0.8240000000000001,1.008,1.092,0.099,0.9520000000000001,1.9160000000000001,0.611,40.723,26.487000000000002,11.084,3.152,5.872,10.114,0.166,0.24,0.8140000000000001,1.356,0.561,1.441,0.154,1.618,1.072,3.733,0.0,0.078,0.603,0.885,1.546,0.803,0.793,0.329
1972Q1,3.472,6.615,1.6400000000000001,1.1300000000000001,2.478,1.339,2.966,1.685,3.717,4.216,5.488,3.337,3.457,5.9270000000000005,7.0200000000000005,1.9140000000000001,1.102,1.537,3.392,4.797,3.749,0.904,2.874,0.624,3.057,5.408,4.115,2.805,0.674,0.636,2.955,1.596,1.333,2.114,5.891,10.93,5.524,2.14,3.266,2.678,0.383,0.862,1.063,1.158,0.107,1.054,1.7850000000000001,0.588,52.915,34.02,14.951,3.944,6.972,10.868,0.107,0.261,0.931,1.586,0.627,1.516,0.216,1.883,1.031,4.0280000000000005,0.0,0.078,0.658,0.99,1.819,0.8300000000000001,0.932,0.33
1972Q2,3.472,6.615,1.6400000000000001,1.1300000000000001,2.478,1.339,2.966,1.685,3.717,4.216,5.488,3.337,3.457,5.9270000000000005,7.0200000000000005,1.9140000000000001,1.102,1.537,3.392,4.797,3.749,0.904,2.874,0.624,3.057,5.408,4.115,2.805,0.674,0.636,2.955,1.596,1.333,2.114,5.891,10.93,5.524,2.14,3.266,2.678,0.383,0.862,1.063,1.158,0.107,1.054,1.7850000000000001,0.588,52.915,34.02,14.951,3.944,6.972,10.868,0.107,0.261,0.931,1.586,0.627,1.516,0.216,1.883,1.031,4.0280000000000005,0.0,0.078,0.658,0.99,1.819,0.8300000000000001,0.932,0.33
1972Q3,3.472,6.615,1.6400000000000001,1.1300000000000001,2.478,1.339,2.966,1.685,3.717,4.216,5.488,3.337,3.457,5.9270000000000005,7.0200000000000005,1.9140000000000001,1.102,1.537,3.392,4.797,3.749,0.904,2.874,0.624,3.057,5.408,4.115,2.805,0.674,0.636,2.955,1.596,1.333,2.114,5.891,10.93,5.524,2.14,3.266,2.678,0.383,0.862,1.063,1.158,0.107,1.054,1.7850000000000001,0.588,52.915,34.02,14.951,3.944,6.972,10.868,0.107,0.261,0.931,1.586,0.627,1.516,0.216,1.883,1.031,4.0280000000000005,0.0,0.078,0.658,0.99,1.819,0.8300000000000001,0.932,0.33
1972Q4,3.472,6.615,1.6400000000000001,1.1300000000000001,2.478,1.339,2.966,1.685,3.717,4.216,5.488,3.337,3.457,5.9270000000000005,7.0200000000000005,1.9140000000000001,1.102,1.537,3.392,4.797,3.749,0.904,2.874,0.624,3.057,5.408,4.115,2.805,0.674,0.636,2.955,1.596,1.333,2.114,5.891,10.93,5.524,2.14,3.266,2.678,0.383,0.862,1.063,1.158,0.107,1.054,1.7850000000000001,0.588,52.915,34.02,14.951,3.944,6.972,10.868,0.107,0.261,0.931,1.586,0.627,1.516,0.216,1.883,1.031,4.0280000000000005,0.0,0.078,0.658,0.99,1.819,0.8300000000000001,0.932,0.33
1973Q1,3.539,8.104000000000001,1.967,1.282,3.033,1.935,3.678,1.691,4.9190000000000005,4.84,6.855,4.04,4.109,7.046,7.933,2.99,1.683,1.818,3.864,6.391,4.6290000000000004,1.1400000000000001,3.1390000000000002,0.759,3.769,6.221,4.281,2.862,0.6880000000000001,0.731,3.427,1.85,1.546,2.45,7.890000000000001,12.467,6.29,2.2520000000000002,3.9250000000000003,3.013,0.46,0.833,0.983,1.317,0.124,1.167,2.525,0.611,57.914,36.774,16.754,4.386,7.698,10.836,0.135,0.312,1.188,1.72,0.721,1.663,0.274,2.273,1.217,4.436,0.0,0.077,0.708,0.838,1.7610000000000001,0.895,1.0150000000000001,0.352
1973Q2,3.539,8.104000000000001,1.967,1.282,3.033,1.935,3.678,1.691,4.9190000000000005,4.84,6.855,4.04,4.109,7.046,7.933,2.99,1.683,1.818,3.864,6.391,4.6290000000000004,1.1400000000000001,3.1390000000000002,0.759,3.769,6.221,4.281,2.862,0.6880000000000001,0.731,3.427,1.85,1.546,2.45,7.890000000000001,12.467,6.29,2.2520000000000002,3.9250000000000003,3.013,0.46,0.833,0.983,1.317,0.124,1.167,2.525,0.611,57.914,36.774,16.754,4.386,7.698,10.836,0.135,0.312,1.188,1.72,0.721,1.663,0.274,2.273,1.217,4.436,0.0,0.077,0.708,0.838,1.7610000000000001,0.895,1.0150000000000001,0.352
1973Q3,3.539,8.104000000000001,1.967,1.282,3.033,1.935,3.678,1.691,4.9190000000000005,4.84,6.855,4.04,4.109,7.046,7.933,2.99,1.683,1.818,3.864,6.391,4.6290000000000004,1.1400000000000001,3.1390000000000002,0.759,3.769,6.221,4.281,2.862,0.6880000000000001,0.731,3.427,1.85,1.546,2.45,7.890000000000001,12.467,6.29,2.2520000000000002,3.9250000000000003,3.013,0.46,0.833,0.983,1.317,0.124,1.167,2.525,0.611,57.914,36.774,16.754,4.386,7.698,10.836,0.135,0.312,1.188,1.72,0.721,1.663,0.274,2.273,1.217,4.436,0.0,0.077,0.708,0.838,1.7610000000000001,0.895,1.0150000000000001,0.352
1973Q4,3.539,8.104000000000001,1.967,1.282,3.033,1.935,3.678,1.691,4.9190000000000005,4.84,6.855,4.04,4.109,7.046,7.933,2.99,1.683,1.818,3.864,6.391,4.6290000000000004,1.1400000000000001,3.1390000000000002,0.759,3.769,6.221,4.281,2.862,0.6880000000000001,0.731,3.427,1.85,1.546,2.45,7.890000000000001,12.467,6.29,2.2520000000000002,3.9250000000000003,3.013,0.46,0.833,0.983,1.317,0.124,1.167,2.525,0.611,57.914,36.774,16.754,4.386,7.698,10.836,0.135,0.312,1.188,1.72,0.721,1.663,0.274,2.273,1.217,4.436,0.0,0.077,0.708,0.838,1.7610000000000001,0.895,1.0150000000000001,0.352
1974Q1,3.868,8.982,2.4010000000000002,1.722,3.5060000000000002,2.59,4.47,1.816,6.0680000000000005,5.356,8.281,4.668,4.247,7.296,7.291,2.443,1.567,2.365,3.948,6.807,5.5120000000000005,1.7,3.2520000000000002,0.838,4.4590000000000005,6.463,4.4510000000000005,2.976,0.715,0.76,3.568,1.926,1.609,2.577,9.992,12.926,5.966,2.724,4.236,4.473,0.679,0.9440000000000001,0.737,1.317,0.122,1.445,3.249,0.684,45.865,30.742,11.785,3.338,8.387,13.218,0.116,0.375,1.538,1.999,0.836,1.929,0.322,2.362,1.347,5.0760000000000005,0.0,0.083,0.844,0.801,2.053,0.96,1.0050000000000001,0.395
1974Q2,3.868,8.982,2.4010000000000002,1.722,3.5060000000000002,2.59,4.47,1.816,6.0680000000000005,5.356,8.281,4.668,4.247,7.296,7.291,2.443,1.567,2.365,3.948,6.807,5.5120000000000005,1.7,3.2520000000000002,0.838,4.4590000000000005,6.463,4.4510000000000005,2.976,0.715,0.76,3.568,1.926,1.609,2.577,9.992,12.926,5.966,2.724,4.236,4.473,0.679,0.9440000000000001,0.737,1.317,0.122,1.445,3.249,0.684,45.865,30.742,11.785,3.338,8.387,13.218,0.116,0.375,1.538,1.999,0.836,1.929,0.322,2.362,1.347,5.0760000000000005,0.0,0.083,0.844,0.801,2.053,0.96,1.0050000000000001,0.395
1974Q3,3.868,8.982,2.4010000000000002,1.722,3.5060000000000002,2.59,4.47,1.816,6.0680000000000005,5.356,8.281,4.668,4.247,7.296,7.291,2.443,1.567,2.365,3.948,6.807,5.5120000000000005,1.7,3.2520000000000002,0.838,4.4590000000000005,6.463,4.4510000000000005,2.976,0.715,0.76,3.568,1.926,1.609,2.577,9.992,12.926,5.966,2.724,4.236,4.473,0.679,0.9440000000000001,0.737,1.317,0.122,1.445,3.249,0.684,45.865,30.742,11.785,3.338,8.387,13.218,0.116,0.375,1.538,1.999,0.836,1.929,0.322,2.362,1.347,5.0760000000000005,0.0,0.083,0.844,0.801,2.053,0.96,1.0050000000000001,0.395
1974Q4,3.868,8.982,2.4010000000000002,1.722,3.5060000000000002,2.59,4.47,1.816,6.0680000000000005,5.356,8.281,4.668,4.247,7.296,7.291,2.443,1.567,2.365,3.948,6.807,5.5120000000000005,1.7,3.2520000000000002,0.838,4.4590000000000005,6.463,4.4510000000000005,2.976,0.715,0.76,3.568,1.926,1.609,2.577,9.992,12.926,5.966,2.724,4.236,4.473,0.679,0.9440000000000001,0.737,1.317,0.122,1.445,3.249,0.684,45.865,30.742,11.785,3.338,8.387,13.218,0.116,0.375,1.538,1.999,0.836,1.929,0.322,2.362,1.347,5.0760000000000005,0.0,0.083,0.844,0.801,2.053,0.96,1.0050000000000001,0.395
1975Q1,3.586,9.285,2.807,1.799,3.976,2.303,5.328,1.743,6.059,5.162,8.451,4.586,3.336,5.773,7.732,2.303,2.273,2.797,3.685,8.546,5.478,2.656,3.116,0.853,4.309,5.426,4.431,3.055,0.735,0.641,2.853,1.54,1.287,2.077,10.519,14.370000000000001,7.0520000000000005,3.547,3.771,6.492,0.857,0.894,0.653,1.301,0.117,1.414,3.731,0.746,38.487,31.195,4.756,2.536,9.762,16.355,0.21,0.425,1.829,2.5260000000000002,1.022,2.023,0.295,2.2920000000000003,1.355,5.615,0.0,0.091,0.994,0.8220000000000001,2.1270000000000002,1.061,1.071,0.436
1975Q2,3.586,9.285,2.807,1.799,3.976,2.303,5.328,1.743,6.059,5.162,8.451,4.586,3.336,5.773,7.732,2.303,2.273,2.797,3.685,8.546,5.478,2.656,3.116,0.853,4.309,5.426,4.431,3.055,0.735,0.641,2.853,1.54,1.287,2.077,10.519,14.370000000000001,7.0520000000000005,3.547,3.771,6.492,0.857,0.894,0.653,1.301,0.117,1.414,3.731,0.746,38.487,31.195,4.756,2.536,9.762,16.355,0.21,0.425,1.829,2.5260000000000002,1.022,2.023,0.295,2.2920000000000003,1.355,5.615,0.0,0.091,0.994,0.8220000000000001,2.1270000000000002,1.061,1.071,0.436
1975Q3,3.586,9.285,2.807,1.799,3.976,2.303,5.328,1.743,6.059,5.162,8.451,4.586,3.336,5.773,7.732,2.303,2.273,2.797,3.685,8.546,5.478,2.656,3.116,0.853,4.309,5.426,4.431,3.055,0.735,0.641,2.853,1.54,1.287,2.077,10.519,14.370000000000001,7.0520000000000005,3.547,3.771,6.492,0.857,0.894,0.653,1.301,0.117,1.414,3.731,0.746,38.487,31.195,4.756,2.536,9.762,16.355,0.21,0.425,1.829,2.5260000000000002,1.022,2.023,0.295,2.2920000000000003,1.355,5.615,0.0,0.091,0.994,0.8220000000000001,2.1270000000000002,1.061,1.071,0.436
1975Q4,3.586,9.285,2.807,1.799,3.976,2.303,5.328,1.743,6.059,5.162,8.451,4.586,3.336,5.773,7.732,2.303,2.273,2.797,3.685,8.546,5.478,2.656,3.116,0.853,4.309,5.426,4.431,3.055,0.735,0.641,2.853,1.54,1.287,2.077,10.519,14.370000000000001,7.0520000000000005,3.547,3.771,6.492,0.857,0.894,0.653,1.301,0.117,1.414,3.731,0.746,38.487,31.195,4.756,2.536,9.762,16.355,0.21,0.425,1.829,2.5260000000000002,1.022,2.023,0.295,2.2920000000000003,1.355,5.615,0.0,0.091,0.994,0.8220000000000001,2.1270000000000002,1.061,1.071,0.436
1976Q1,4.4030000000000005,10.618,3.314,2.065,4.408,2.704,6.097,1.77,6.44,5.524,9.369,4.92,4.4190000000000005,7.62,10.159,2.354,2.271,2.366,4.2,8.834,5.632,3.001,3.656,1.044,4.914,5.338,4.7,3.282,0.789,0.629,2.919,1.576,1.317,2.1470000000000002,10.055,15.579,7.212,4.461,3.906,7.482,1.117,0.988,0.717,1.499,0.138,1.862,3.971,0.792,53.639,45.526,4.89,3.223,11.868,19.011,0.122,0.458,1.9020000000000001,2.844,1.139,2.179,0.35000000000000003,2.721,1.575,6.019,0.0,0.101,1.131,1.675,2.87,1.158,1.205,0.48
1976Q2,4.4030000000000005,10.618,3.314,2.065,4.408,2.704,6.097,1.77,6.44,5.524,9.369,4.92,4.4190000000000005,7.62,10.159,2.354,2.271,2.366,4.2,8.834,5.632,3.001,3.656,1.044,4.914,5.338,4.7,3.282,0.789,0.629,2.919,1.576,1.317,2.1470000000000002,10.055,15.579,7.212,4.461,3.906,7.482,1.117,0.988,0.717,1.499,0.138,1.862,3.971,0.792,53.639,45.526,4.89,3.223,11.868,19.011,0.122,0.458,1.9020000000000001,2.844,1.139,2.179,0.35000000000000003,2.721,1.575,6.019,0.0,0.101,1.131,1.675,2.87,1.158,1.205,0.48
1976Q3,4.4030000000000005,10.618,3.314,2.065,4.408,2.704,6.097,1.77,6.44,5.524,9.369,4.92,4.4190000000000005,7.62,10.159,2.354,2.271,2.366,4.2,8.834,5.632,3.001,3.656,1.044,4.914,5.338,4.7,3.282,0.789,0.629,2.919,1.576,1.317,2.1470000000000002,10.055,15.579,7.212,4.461,3.906,7.482,1.117,0.988,0.717,1.499,0.138,1.862,3.971,0.792,53.639,45.526,4.89,3.223,11.868,19.011,0.122,0.458,1.9020000000000001,2.844,1.139,2.179,0.35000000000000003,2.721,1.575,6.019,0.0,0.101,1.131,1.675,2.87,1.158,1.205,0.48
1976Q4,4.4030000000000005,10.618,3.314,2.065,4.408,2.704,6.097,1.77,6.44,5.524,9.369,4.92,4.4190000000000005,7.62,10.159,2.354,2.271,2.366,4.2,8.834,5.632,3.001,3.656,1.044,4.914,5.338,4.7,3.282,0.789,0.629,2.919,1.576,1.317,2.1470000000000002,10.055,15.579,7.212,4.461,3.906,7.482,1.117,0.988,0.717,1.499,0.138,1.862,3.971,0.792,53.639,45.526,4.89,3.223,11.868,19.011,0.122,0.458,1.9020000000000001,2.844,1.139,2.179,0.35000000000000003,2.721,1.575,6.019,0.0,0.101,1.131,1.675,2.87,1.158,1.205,0.48
1977Q1,5.666,13.741,3.64,3.492,4.323,2.828,6.226,1.737,7.25,6.13,11.988,6.112,5.926,10.184000000000001,13.283,3.416,2.501,2.902,5.596,9.464,8.133000000000001,3.5580000000000003,4.1930000000000005,1.07,5.82,5.992,4.764,3.275,0.787,0.7020000000000001,3.495,1.887,1.577,2.532,11.029,16.497,8.971,3.032,4.494,10.062,1.383,1.088,0.742,1.67,0.151,2.199,4.431,0.9510000000000001,75.884,64.532,7.191,4.1610000000000005,15.115,21.773,0.06,0.521,2.059,2.896,1.167,2.323,0.384,3.24,1.813,6.453,0.0,0.11900000000000001,1.283,1.6,3.4370000000000003,1.397,1.618,0.532
1977Q2,5.666,13.741,3.64,3.492,4.323,2.828,6.226,1.737,7.25,6.13,11.988,6.112,5.926,10.184000000000001,13.283,3.416,2.501,2.902,5.596,9.464,8.133000000000001,3.5580000000000003,4.1930000000000005,1.07,5.82,5.992,4.764,3.275,0.787,0.7020000000000001,3.495,1.887,1.577,2.532,11.029,16.497,8.971,3.032,4.494,10.062,1.383,1.088,0.742,1.67,0.151,2.199,4.431,0.9510000000000001,75.884,64.532,7.191,4.1610000000000005,15.115,21.773,0.06,0.521,2.059,2.896,1.167,2.323,0.384,3.24,1.813,6.453,0.0,0.11900000000000001,1.283,1.6,3.4370000000000003,1.397,1.618,0.532
1977Q3,5.666,13.741,3.64,3.492,4.323,2.828,6.226,1.737,7.25,6.13,11.988,6.112,5.926,10.184000000000001,13.283,3.416,2.501,2.902,5.596,9.464,8.133000000000001,3.5580000000000003,4.1930000000000005,1.07,5.82,5.992,4.764,3.275,0.787,0.7020000000000001,3.495,1.887,1.577,2.532,11.029,16.497,8.971,3.032,4.494,10.062,1.383,1.088,0.742,1.67,0.151,2.199,4.431,0.9510000000000001,75.884,64.532,7.191,4.1610000000000005,15.115,21.773,0.06,0.521,2.059,2.896,1.167,2.323,0.384,3.24,1.813,6.453,0.0,0.11900000000000001,1.283,1.6,3.4370000000000003,1.397,1.618,0.532
1977Q4,5.666,13.741,3.64,3.492,4.323,2.828,6.226,1.737,7.25,6.13,11.988,6.112,5.926,10.184000000000001,13.283,3.416,2.501,2.902,5.596,9.464,8.133000000000001,3.5580000000000003,4.1930000000000005,1.07,5.82,5.992,4.764,3.275,0.787,0.7020000000000001,3.495,1.887,1.577,2.532,11.029,16.497,8.971,3.032,4.494,10.062,1.383,1.088,0.742,1.67,0.151,2.199,4.431,0.9510000000000001,75.884,64.532,7.191,4.1610000000000005,15.115,21.773,0.06,0.521,2.059,2.896,1.167,2.323,0.384,3.24,1.813,6.453,0.0,0.11900000000000001,1.283,1.6,3.4370000000000003,1.397,1.618,0.532
1978Q1,7.563,16.824,4.4190000000000005,4.07,5.232,4.234,7.057,1.849,9.348,8.246,14.756,6.4750000000000005,7.3,12.523,14.859,4.247,2.586,3.8850000000000002,6.852,10.734,10.693,3.648,5.045,1.635,7.037,7.739,5.162,3.432,0.8250000000000001,0.905,4.5360000000000005,2.449,2.0460000000000003,3.361,16.13,17.801000000000002,9.382,2.823,5.596,14.081,1.325,1.366,0.878,2.076,0.19,2.684,5.2090000000000005,1.131,89.587,75.27,9.666,4.651,18.96,26.625,0.10400000000000001,0.654,2.366,3.325,1.375,2.548,0.506,3.781,2.148,7.075,0.0,0.147,1.542,1.354,3.841,1.555,1.728,0.594
1978Q2,7.563,16.824,4.4190000000000005,4.07,5.232,4.234,7.057,1.849,9.348,8.246,14.756,6.4750000000000005,7.3,12.523,14.859,4.247,2.586,3.8850000000000002,6.852,10.734,10.693,3.648,5.045,1.635,7.037,7.739,5.162,3.432,0.8250000000000001,0.905,4.5360000000000005,2.449,2.0460000000000003,3.361,16.13,17.801000000000002,9.382,2.823,5.596,14.081,1.325,1.366,0.878,2.076,0.19,2.684,5.2090000000000005,1.131,89.587,75.27,9.666,4.651,18.96,26.625,0.10400000000000001,0.654,2.366,3.325,1.375,2.548,0.506,3.781,2.148,7.075,0.0,0.147,1.542,1.354,3.841,1.555,1.728,0.594
1978Q3,7.563,16.824,4.4190000000000005,4.07,5.232,4.234,7.057,1.849,9.348,8.246,14.756,6.4750000000000005,7.3,12.523,14.859,4.247,2.586,3.8850000000000002,6.852,10.734,10.693,3.648,5.045,1.635,7.037,7.739,5.162,3.432,0.8250000000000001,0.905,4.5360000000000005,2.449,2.0460000000000003,3.361,16.13,17.801000000000002,9.382,2.823,5.596,14.081,1.325,1.366,0.878,2.076,0.19,2.684,5.2090000000000005,1.131,89.587,75.27,9.666,4.651,18.96,26.625,0.10400000000000001,0.654,2.366,3.325,1.375,2.548,0.506,3.781,2.148,7.075,0.0,0.147,1.542,1.354,3.841,1.555,1.728,0.594
1978Q4,7.563,16.824,4.4190000000000005,4.07,5.232,4.234,7.057,1.849,9.348,8.246,14.756,6.4750000000000005,7.3,12.523,14.859,4.247,2.586,3.8850000000000002,6.852,10.734,10.693,3.648,5.045,1.635,7.037,7.739,5.162,3.432,0.8250000000000001,0.905,4.5360000000000005,2.449,2.0460000000000003,3.361,16.13,17.801000000000002,9.382,2.823,5.596,14.081,1.325,1.366,0.878,2.076,0.19,2.684,5.2090000000000005,1.131,89.587,75.27,9.666,4.651,18.96,26.625,0.10400000000000001,0.654,2.366,3.325,1.375,2.548,0.506,3.781,2.148,7.075,0.0,0.147,1.542,1.354,3.841,1.555,1.728,0.594
1979Q1,10.163,20.292,4.797,4.413,5.5,5.1850000000000005,8.777000000000001,1.877,11.572000000000001,9.365,17.188,7.383,7.995,13.713000000000001,13.963000000000001,6.897,3.215,5.7250000000000005,7.987,12.749,10.884,3.884,5.921,2.063,8.639,11.215,5.9350000000000005,3.72,0.894,1.321,5.952,3.214,2.685,4.453,22.001,19.843,9.517,3.443,6.883,17.657,1.357,1.748,1.088,2.5060000000000002,0.226,2.923,5.789,1.431,93.851,75.876,12.871,5.104,20.523,30.234,0.066,0.892,2.914,4.329,1.598,2.846,0.762,4.206,2.592,8.15,0.0,0.17200000000000001,1.79,2.348,4.477,1.62,1.7710000000000001,0.662
1979Q2,10.163,20.292,4.797,4.413,5.5,5.1850000000000005,8.777000000000001,1.877,11.572000000000001,9.365,17.188,7.383,7.995,13.713000000000001,13.963000000000001,6.897,3.215,5.7250000000000005,7.987,12.749,10.884,3.884,5.921,2.063,8.639,11.215,5.9350000000000005,3.72,0.894,1.321,5.952,3.214,2.685,4.453,22.001,19.843,9.517,3.443,6.883,17.657,1.357,1.748,1.088,2.5060000000000002,0.226,2.923,5.789,1.431,93.851,75.876,12.871,5.104,20.523,30.234,0.066,0.892,2.914,4.329,1.598,2.846,0.762,4.206,2.592,8.15,0.0,0.17200000000000001,1.79,2.348,4.477,1.62,1.7710000000000001,0.662
1979Q3,10.163,20.292,4.797,4.413,5.5,5.1850000000000005,8.777000000000001,1.877,11.572000000000001,9.365,17.188,7.383,7.995,13.713000000000001,13.963000000000001,6.897,3.215,5.7250000000000005,7.987,12.749,10.884,3.884,5.921,2.063,8.639,11.215,5.9350000000000005,3.72,0.894,1.321,5.952,3.214,2.685,4.453,22.001,19.843,9.517,3.443,6.883,17.657,1.357,1.748,1.088,2.5060000000000002,0.226,2.923,5.789,1.431,93.851,75.876,12.871,5.104,20.523,30.234,0.066,0.892,2.914,4.329,1.598,2.846,0.762,4.206,2.592,8.15,0.0,0.17200000000000001,1.79,2.348,4.477,1.62,1.7710000000000001,0.662
1979Q4,10.163,20.292,4.797,4.413,5.5,5.1850000000000005,8.777000000000001,1.877,11.572000000000001,9.365,17.188,7.383,7.995,13.713000000000001,13.963000000000001,6.897,3.215,5.7250000000000005,7.987,12.749,10.884,3.884,5.921,2.063,8.639,11.215,5.9350000000000005,3.72,0.894,1.321,5.952,3.214,2.685,4.453,22.001,19.843,9.517,3.443,6.883,17.657,1.357,1.748,1.088,2.5060000000000002,0.226,2.923,5.789,1.431,93.851,75.876,12.871,5.104,20.523,30.234,0.066,0.892,2.914,4.329,1.598,2.846,0.762,4.206,2.592,8.15,0.0,0.17200000000000001,1.79,2.348,4.477,1.62,1.7710000000000001,0.662
1980Q1,12.522,24.231,5.197,4.925,6.3580000000000005,5.7010000000000005,9.181000000000001,1.93,13.269,10.483,17.97,7.91,6.227,10.742,11.773,7.855,3.46,5.556,9.017,11.6,9.4,4.498,6.457,2.466,8.843,15.679,7.277,4.355,1.047,1.875,6.542,3.533,2.951,4.924,20.482,22.126,10.179,4.222,7.7250000000000005,25.569,1.786,1.9180000000000001,1.585,2.87,0.265,2.956,5.213,1.491,73.558,56.160000000000004,12.794,4.604,18.342,34.145,0.099,1.188,3.611,5.037,1.85,3.215,1.228,4.731,3.1670000000000003,9.417,0.0,0.193,1.998,1.997,4.038,1.78,1.774,0.751
1980Q2,12.522,24.231,5.197,4.925,6.3580000000000005,5.7010000000000005,9.181000000000001,1.93,13.269,10.483,17.97,7.91,6.227,10.742,11.773,7.855,3.46,5.556,9.017,11.6,9.4,4.498,6.457,2.466,8.843,15.679,7.277,4.355,1.047,1.875,6.542,3.533,2.951,4.924,20.482,22.126,10.179,4.222,7.7250000000000005,25.569,1.786,1.9180000000000001,1.585,2.87,0.265,2.956,5.213,1.491,73.558,56.160000000000004,12.794,4.604,18.342,34.145,0.099,1.188,3.611,5.037,1.85,3.215,1.228,4.731,3.1670000000000003,9.417,0.0,0.193,1.998,1.997,4.038,1.78,1.774,0.751
1980Q3,12.522,24.231,5.197,4.925,6.3580000000000005,5.7010000000000005,9.181000000000001,1.93,13.269,10.483,17.97,7.91,6.227,10.742,11.773,7.855,3.46,5.556,9.017,11.6,9.4,4.498,6.457,2.466,8.843,15.679,7.277,4.355,1.047,1.875,6.542,3.533,2.951,4.924,20.482,22.126,10.179,4.222,7.7250000000000005,25.569,1.786,1.9180000000000001,1.585,2.87,0.265,2.956,5.213,1.491,73.558,56.160000000000004,12.794,4.604,18.342,34.145,0.099,1.188,3.611,5.037,1.85,3.215,1.228,4.731,3.1670000000000003,9.417,0.0,0.193,1.998,1.997,4.038,1.78,1.774,0.751
1980Q4,12.522,24.231,5.197,4.925,6.3580000000000005,5.7010000000000005,9.181000000000001,1.93,13.269,10.483,17.97,7.91,6.227,10.742,11.773,7.855,3.46,5.556,9.017,11.6,9.4,4.498,6.457,2.466,8.843,15.679,7.277,4.355,1.047,1.875,6.542,3.533,2.951,4.924,20.482,22.126,10.179,4.222,7.7250000000000005,25.569,1.786,1.9180000000000001,1.585,2.87,0.265,2.956,5.213,1.491,73.558,56.160000000000004,12.794,4.604,18.342,34.145,0.099,1.188,3.611,5.037,1.85,3.215,1.228,4.731,3.1670000000000003,9.417,0.0,0.193,1.998,1.997,4.038,1.78,1.774,0.751
1981Q1,17.128,27.191,6.319,5.601,7.245,6.135,9.883000000000001,2.335,14.104000000000001,11.336,18.968,8.859,6.603,11.394,14.614,7.518,4.4510000000000005,3.529,9.963000000000001,12.611,9.727,7.640000000000001,6.97,2.807,9.668000000000001,20.459,9.109,5.347,1.285,2.477,6.757000000000001,3.649,3.048,5.167,25.362000000000002,23.429000000000002,10.502,4.768,8.159,39.928000000000004,2.499,2.025,1.707,3.123,0.28600000000000003,3.091,4.713,1.683,73.606,55.451,13.219,4.936,16.453,34.606,0.202,1.639,4.567,5.639,2.176,3.564,1.278,4.686,3.802,11.694,0.0,0.224,2.311,2.919,5.546,1.961,1.976,0.844
1981Q2,17.128,27.191,6.319,5.601,7.245,6.135,9.883000000000001,2.335,14.104000000000001,11.336,18.968,8.859,6.603,11.394,14.614,7.518,4.4510000000000005,3.529,9.963000000000001,12.611,9.727,7.640000000000001,6.97,2.807,9.668000000000001,20.459,9.109,5.347,1.285,2.477,6.757000000000001,3.649,3.048,5.167,25.362000000000002,23.429000000000002,10.502,4.768,8.159,39.928000000000004,2.499,2.025,1.707,3.123,0.28600000000000003,3.091,4.713,1.683,73.606,55.451,13.219,4.936,16.453,34.606,0.202,1.639,4.567,5.639,2.176,3.564,1.278,4.686,3.802,11.694,0.0,0.224,2.311,2.919,5.546,1.961,1.976,0.844
1981Q3,17.128,27.191,6.319,5.601,7.245,6.135,9.883000000000001,2.335,14.104000000000001,11.336,18.968,8.859,6.603,11.394,14.614,7.518,4.4510000000000005,3.529,9.963000000000001,12.611,9.727,7.640000000000001,6.97,2.807,9.668000000000001,20.459,9.109,5.347,1.285,2.477,6.757000000000001,3.649,3.048,5.167,25.362000000000002,23.429000000000002,10.502,4.768,8.159,39.928000000000004,2.499,2.025,1.707,3.123,0.28600000000000003,3.091,4.713,1.683,73.606,55.451,13.219,4.936,16.453,34.606,0.202,1.639,4.567,5.639,2.176,3.564,1.278,4.686,3.802,11.694,0.0,0.224,2.311,2.919,5.546,1.961,1.976,0.844
1981Q4,17.128,27.191,6.319,5.601,7.245,6.135,9.883000000000001,2.335,14.104000000000001,11.336,18.968,8.859,6.603,11.394,14.614,7.518,4.4510000000000005,3.529,9.963000000000001,12.611,9.727,7.640000000000001,6.97,2.807,9.668000000000001,20.459,9.109,5.347,1.285,2.477,6.757000000000001,3.649,3.048,5.167,25.362000000000002,23.429000000000002,10.502,4.768,8.159,39.928000000000004,2.499,2.025,1.707,3.123,0.28600000000000003,3.091,4.713,1.683,73.606,55.451,13.219,4.936,16.453,34.606,0.202,1.639,4.567,5.639,2.176,3.564,1.278,4.686,3.802,11.694,0.0,0.224,2.311,2.919,5.546,1.961,1.976,0.844
1982Q1,18.871,28.857,8.256,6.126,7.37,4.739,9.548,1.973,12.166,11.881,18.079,9.022,6.46,11.169,14.684000000000001,6.864,3.129,2.191,11.043000000000001,9.513,6.527,5.5520000000000005,7.345,2.36,10.929,26.755,12.481,7.415,1.782,3.2840000000000003,5.971,3.224,2.694,4.596,26.043,22.52,9.984,4.082,8.454,42.654,2.064,1.945,1.936,3.735,0.34700000000000003,2.971,3.757,1.8900000000000001,60.968,43.877,12.281,4.8100000000000005,14.307,31.621000000000002,0.263,1.946,4.938,7.156000000000001,2.607,3.839,1.415,4.751,4.439,13.465,0.0,0.256,2.509,3.044,6.0,2.1710000000000003,1.75,0.894
1982Q2,18.871,28.857,8.256,6.126,7.37,4.739,9.548,1.973,12.166,11.881,18.079,9.022,6.46,11.169,14.684000000000001,6.864,3.129,2.191,11.043000000000001,9.513,6.527,5.5520000000000005,7.345,2.36,10.929,26.755,12.481,7.415,1.782,3.2840000000000003,5.971,3.224,2.694,4.596,26.043,22.52,9.984,4.082,8.454,42.654,2.064,1.945,1.936,3.735,0.34700000000000003,2.971,3.757,1.8900000000000001,60.968,43.877,12.281,4.8100000000000005,14.307,31.621000000000002,0.263,1.946,4.938,7.156000000000001,2.607,3.839,1.415,4.751,4.439,13.465,0.0,0.256,2.509,3.044,6.0,2.1710000000000003,1.75,0.894
1982Q3,18.871,28.857,8.256,6.126,7.37,4.739,9.548,1.973,12.166,11.881,18.079,9.022,6.46,11.169,14.684000000000001,6.864,3.129,2.191,11.043000000000001,9.513,6.527,5.5520000000000005,7.345,2.36,10.929,26.755,12.481,7.415,1.782,3.2840000000000003,5.971,3.224,2.694,4.596,26.043,22.52,9.984,4.082,8.454,42.654,2.064,1.945,1.936,3.735,0.34700000000000003,2.971,3.757,1.8900000000000001,60.968,43.877,12.281,4.8100000000000005,14.307,31.621000000000002,0.263,1.946,4.938,7.156000000000001,2.607,3.839,1.415,4.751,4.439,13.465,0.0,0.256,2.509,3.044,6.0,2.1710000000000003,1.75,0.894
1982Q4,18.871,28.857,8.256,6.126,7.37,4.739,9.548,1.973,12.166,11.881,18.079,9.022,6.46,11.169,14.684000000000001,6.864,3.129,2.191,11.043000000000001,9.513,6.527,5.5520000000000005,7.345,2.36,10.929,26.755,12.481,7.415,1.782,3.2840000000000003,5.971,3.224,2.694,4.596,26.043,22.52,9.984,4.082,8.454,42.654,2.064,1.945,1.936,3.735,0.34700000000000003,2.971,3.757,1.8900000000000001,60.968,43.877,12.281,4.8100000000000005,14.307,31.621000000000002,0.263,1.946,4.938,7.156000000000001,2.607,3.839,1.415,4.751,4.439,13.465,0.0,0.256,2.509,3.044,6.0,2.1710000000000003,1.75,0.894
1983Q1,23.891000000000002,29.508,9.126,6.319,7.272,7.5680000000000005,9.145,1.7690000000000001,9.324,12.378,16.812,9.451,7.585,13.088000000000001,19.682000000000002,7.03,1.934,1.495,12.162,8.456,7.2700000000000005,3.2,7.646,2.467,10.842,24.674,13.388,8.363,2.0100000000000002,3.016,6.423,3.468,2.898,4.885,19.394000000000002,19.526,9.038,2.9130000000000003,7.575,28.414,1.539,2.27,2.1270000000000002,4.24,0.392,2.984,3.279,2.1750000000000003,100.532,76.691,17.575,6.266,21.743000000000002,34.29,0.328,2.649,5.724,8.011000000000001,3.053,4.051,1.9080000000000001,5.259,5.087,14.265,0.0,0.268,2.6790000000000003,3.424,7.042,2.335,1.553,0.991
1983Q2,23.891000000000002,29.508,9.126,6.319,7.272,7.5680000000000005,9.145,1.7690000000000001,9.324,12.378,16.812,9.451,7.585,13.088000000000001,19.682000000000002,7.03,1.934,1.495,12.162,8.456,7.2700000000000005,3.2,7.646,2.467,10.842,24.674,13.388,8.363,2.0100000000000002,3.016,6.423,3.468,2.898,4.885,19.394000000000002,19.526,9.038,2.9130000000000003,7.575,28.414,1.539,2.27,2.1270000000000002,4.24,0.392,2.984,3.279,2.1750000000000003,100.532,76.691,17.575,6.266,21.743000000000002,34.29,0.328,2.649,5.724,8.011000000000001,3.053,4.051,1.9080000000000001,5.259,5.087,14.265,0.0,0.268,2.6790000000000003,3.424,7.042,2.335,1.553,0.991
1983Q3,23.891000000000002,29.508,9.126,6.319,7.272,7.5680000000000005,9.145,1.7690000000000001,9.324,12.378,16.812,9.451,7.585,13.088000000000001,19.682000000000002,7.03,1.934,1.495,12.162,8.456,7.2700000000000005,3.2,7.646,2.467,10.842,24.674,13.388,8.363,2.0100000000000002,3.016,6.423,3.468,2.898,4.885,19.394000000000002,19.526,9.038,2.9130000000000003,7.575,28.414,1.539,2.27,2.1270000000000002,4.24,0.392,2.984,3.279,2.1750000000000003,100.532,76.691,17.575,6.266,21.743000000000002,34.29,0.328,2.649,5.724,8.011000000000001,3.053,4.051,1.9080000000000001,5.259,5.087,14.265,0.0,0.268,2.6790000000000003,3.424,7.042,2.335,1.553,0.991
1983Q4,23.891000000000002,29.508,9.126,6.319,7.272,7.5680000000000005,9.145,1.7690000000000001,9.324,12.378,16.812,9.451,7.585,13.088000000000001,19.682000000000002,7.03,1.934,1.495,12.162,8.456,7.2700000000000005,3.2,7.646,2.467,10.842,24.674,13.388,8.363,2.0100000000000002,3.016,6.423,3.468,2.898,4.885,19.394000000000002,19.526,9.038,2.9130000000000003,7.575,28.414,1.539,2.27,2.1270000000000002,4.24,0.392,2.984,3.279,2.1750000000000003,100.532,76.691,17.575,6.266,21.743000000000002,34.29,0.328,2.649,5.724,8.011000000000001,3.053,4.051,1.9080000000000001,5.259,5.087,14.265,0.0,0.268,2.6790000000000003,3.424,7.042,2.335,1.553,0.991
1984Q1,31.609,34.021,10.1,7.776,9.083,8.59,8.684000000000001,1.935,11.31,14.405000000000001,20.311,11.495000000000001,10.265,17.708000000000002,21.881,6.416,1.711,2.232,14.491,9.121,9.946,2.815,9.128,2.757,11.773,31.031000000000002,13.925,8.185,1.968,3.7720000000000002,9.296,5.019,4.194,7.009,20.830000000000002,22.791,11.777000000000001,3.044,7.97,29.521,1.72,2.719,2.257,5.417,0.5,3.5580000000000003,3.2560000000000002,2.823,120.008,91.434,22.228,6.346,25.216,40.024,0.401,3.97,6.719,9.673,3.49,4.42,2.482,5.936,6.039,16.045,0.0,0.298,2.841,3.962,8.048,2.608,2.1,1.08
1984Q2,31.609,34.021,10.1,7.776,9.083,8.59,8.684000000000001,1.935,11.31,14.405000000000001,20.311,11.495000000000001,10.265,17.708000000000002,21.881,6.416,1.711,2.232,14.491,9.121,9.946,2.815,9.128,2.757,11.773,31.031000000000002,13.925,8.185,1.968,3.7720000000000002,9.296,5.019,4.194,7.009,20.830000000000002,22.791,11.777000000000001,3.044,7.97,29.521,1.72,2.719,2.257,5.417,0.5,3.5580000000000003,3.2560000000000002,2.823,120.008,91.434,22.228,6.346,25.216,40.024,0.401,3.97,6.719,9.673,3.49,4.42,2.482,5.936,6.039,16.045,0.0,0.298,2.841,3.962,8.048,2.608,2.1,1.08
1984Q3,31.609,34.021,10.1,7.776,9.083,8.59,8.684000000000001,1.935,11.31,14.405000000000001,20.311,11.495000000000001,10.265,17.708000000000002,21.881,6.416,1.711,2.232,14.491,9.121,9.946,2.815,9.128,2.757,11.773,31.031000000000002,13.925,8.185,1.968,3.7720000000000002,9.296,5.019,4.194,7.009,20.830000000000002,22.791,11.777000000000001,3.044,7.97,29.521,1.72,2.719,2.257,5.417,0.5,3.5580000000000003,3.2560000000000002,2.823,120.008,91.434,22.228,6.346,25.216,40.024,0.401,3.97,6.719,9.673,3.49,4.42,2.482,5.936,6.039,16.045,0.0,0.298,2.841,3.962,8.048,2.608,2.1,1.08
1984Q4,31.609,34.021,10.1,7.776,9.083,8.59,8.684000000000001,1.935,11.31,14.405000000000001,20.311,11.495000000000001,10.265,17.708000000000002,21.881,6.416,1.711,2.232,14.491,9.121,9.946,2.815,9.128,2.757,11.773,31.031000000000002,13.925,8.185,1.968,3.7720000000000002,9.296,5.019,4.194,7.009,20.830000000000002,22.791,11.777000000000001,3.044,7.97,29.521,1.72,2.719,2.257,5.417,0.5,3.5580000000000003,3.2560000000000002,2.823,120.008,91.434,22.228,6.346,25.216,40.024,0.401,3.97,6.719,9.673,3.49,4.42,2.482,5.936,6.039,16.045,0.0,0.298,2.841,3.962,8.048,2.608,2.1,1.08
1985Q1,33.734,36.994,10.414,8.308,8.791,8.346,8.626,2.182,12.456,15.789,21.868000000000002,11.548,11.631,20.108,19.808,6.9350000000000005,1.294,1.988,15.668000000000001,7.3020000000000005,10.908,2.466,9.937,2.944,12.487,37.955,13.875,7.471,1.796,4.6080000000000005,11.729000000000001,6.333,5.291,8.82,24.064,27.471,15.526,3.686,8.259,26.212,1.667,3.096,2.677,6.656000000000001,0.596,4.107,2.2560000000000002,3.958,120.7,91.28,23.31,6.11,30.141000000000002,43.814,0.366,4.888,7.686,11.188,3.67,4.627,2.98,6.7330000000000005,6.8950000000000005,17.330000000000002,0.0,0.337,3.078,3.7640000000000002,8.768,2.827,2.016,1.186
1985Q2,33.734,36.994,10.414,8.308,8.791,8.346,8.626,2.182,12.456,15.789,21.868000000000002,11.548,11.631,20.108,19.808,6.9350000000000005,1.294,1.988,15.668000000000001,7.3020000000000005,10.908,2.466,9.937,2.944,12.487,37.955,13.875,7.471,1.796,4.6080000000000005,11.729000000000001,6.333,5.291,8.82,24.064,27.471,15.526,3.686,8.259,26.212,1.667,3.096,2.677,6.656000000000001,0.596,4.107,2.2560000000000002,3.958,120.7,91.28,23.31,6.11,30.141000000000002,43.814,0.366,4.888,7.686,11.188,3.67,4.627,2.98,6.7330000000000005,6.8950000000000005,17.330000000000002,0.0,0.337,3.078,3.7640000000000002,8.768,2.827,2.016,1.186
1985Q3,33.734,36.994,10.414,8.308,8.791,8.346,8.626,2.182,12.456,15.789,21.868000000000002,11.548,11.631,20.108,19.808,6.9350000000000005,1.294,1.988,15.668000000000001,7.3020000000000005,10.908,2.466,9.937,2.944,12.487,37.955,13.875,7.471,1.796,4.6080000000000005,11.729000000000001,6.333,5.291,8.82,24.064,27.471,15.526,3.686,8.259,26.212,1.667,3.096,2.677,6.656000000000001,0.596,4.107,2.2560000000000002,3.958,120.7,91.28,23.31,6.11,30.141000000000002,43.814,0.366,4.888,7.686,11.188,3.67,4.627,2.98,6.7330000000000005,6.8950000000000005,17.330000000000002,0.0,0.337,3.078,3.7640000000000002,8.768,2.827,2.016,1.186
1985Q4,33.734,36.994,10.414,8.308,8.791,8.346,8.626,2.182,12.456,15.789,21.868000000000002,11.548,11.631,20.108,19.808,6.9350000000000005,1.294,1.988,15.668000000000001,7.3020000000000005,10.908,2.466,9.937,2.944,12.487,37.955,13.875,7.471,1.796,4.6080000000000005,11.729000000000001,6.333,5.291,8.82,24.064,27.471,15.526,3.686,8.259,26.212,1.667,3.096,2.677,6.656000000000001,0.596,4.107,2.2560000000000002,3.958,120.7,91.28,23.31,6.11,30.141000000000002,43.814,0.366,4.888,7.686,11.188,3.67,4.627,2.98,6.7330000000000005,6.8950000000000005,17.330000000000002,0.0,0.337,3.078,3.7640000000000002,8.768,2.827,2.016,1.186
1986Q1,33.410000000000004,39.06,11.115,8.645,9.254,9.663,7.9750000000000005,1.868,13.103,17.118000000000002,24.178,11.173,10.242,17.851,18.48,8.644,1.476,1.749,16.692,6.814,10.807,1.317,10.188,3.111,13.563,34.813,13.342,7.362,1.77,4.21,11.878,6.413,5.3580000000000005,8.892,20.898,27.558,15.114,3.475,8.969,14.57,1.063,3.471,3.23,6.347,0.583,2.946,2.1390000000000002,3.362,138.183,107.593,25.265,5.325,36.753,53.954,0.423,5.264,8.607,11.743,3.856,4.569,3.539,7.823,7.447,16.728,0.0,0.373,3.6270000000000002,4.811,9.777000000000001,3.02,2.435,1.336
1986Q2,33.410000000000004,39.06,11.115,8.645,9.254,9.663,7.9750000000000005,1.868,13.103,17.118000000000002,24.178,11.173,10.242,17.851,18.48,8.644,1.476,1.749,16.692,6.814,10.807,1.317,10.188,3.111,13.563,34.813,13.342,7.362,1.77,4.21,11.878,6.413,5.3580000000000005,8.892,20.898,27.558,15.114,3.475,8.969,14.57,1.063,3.471,3.23,6.347,0.583,2.946,2.1390000000000002,3.362,138.183,107.593,25.265,5.325,36.753,53.954,0.423,5.264,8.607,11.743,3.856,4.569,3.539,7.823,7.447,16.728,0.0,0.373,3.6270000000000002,4.811,9.777000000000001,3.02,2.435,1.336
1986Q3,33.410000000000004,39.06,11.115,8.645,9.254,9.663,7.9750000000000005,1.868,13.103,17.118000000000002,24.178,11.173,10.242,17.851,18.48,8.644,1.476,1.749,16.692,6.814,10.807,1.317,10.188,3.111,13.563,34.813,13.342,7.362,1.77,4.21,11.878,6.413,5.3580000000000005,8.892,20.898,27.558,15.114,3.475,8.969,14.57,1.063,3.471,3.23,6.347,0.583,2.946,2.1390000000000002,3.362,138.183,107.593,25.265,5.325,36.753,53.954,0.423,5.264,8.607,11.743,3.856,4.569,3.539,7.823,7.447,16.728,0.0,0.373,3.6270000000000002,4.811,9.777000000000001,3.02,2.435,1.336
1986Q4,33.410000000000004,39.06,11.115,8.645,9.254,9.663,7.9750000000000005,1.868,13.103,17.118000000000002,24.178,11.173,10.242,17.851,18.48,8.644,1.476,1.749,16.692,6.814,10.807,1.317,10.188,3.111,13.563,34.813,13.342,7.362,1.77,4.21,11.878,6.413,5.3580000000000005,8.892,20.898,27.558,15.114,3.475,8.969,14.57,1.063,3.471,3.23,6.347,0.583,2.946,2.1390000000000002,3.362,138.183,107.593,25.265,5.325,36.753,53.954,0.423,5.264,8.607,11.743,3.856,4.569,3.539,7.823,7.447,16.728,0.0,0.373,3.6270000000000002,4.811,9.777000000000001,3.02,2.435,1.336
1987Q1,35.762,39.249,12.4,8.853,9.658,6.271,7.132000000000001,2.509,12.468,18.731,23.59,12.282,10.319,18.072,16.342,9.327,1.825,1.362,18.387,6.63,10.237,1.231,11.21,3.246,14.752,32.393,13.822000000000001,8.003,1.924,3.895,12.573,6.789,5.672,9.391,21.114,27.947,15.196,3.557,9.194,12.21,0.801,3.715,4.7,6.921,0.629,2.512,2.605,3.853,145.67600000000002,119.992,20.396,5.288,39.578,58.099000000000004,0.632,5.853,9.526,13.616,5.149,4.681,4.5040000000000004,7.8020000000000005,7.63,15.93,0.47500000000000003,0.419,4.0840000000000005,4.932,9.266,3.299,2.965,1.418
1987Q2,35.762,39.249,12.4,8.853,9.658,6.271,7.132000000000001,2.509,12.468,18.731,23.59,12.282,10.319,18.072,16.342,9.327,1.825,1.362,18.387,6.63,10.237,1.231,11.21,3.246,14.752,32.393,13.822000000000001,8.003,1.924,3.895,12.573,6.789,5.672,9.391,21.114,27.947,15.196,3.557,9.194,12.21,0.801,3.715,4.7,6.921,0.629,2.512,2.605,3.853,145.67600000000002,119.992,20.396,5.288,39.578,58.099000000000004,0.632,5.853,9.526,13.616,5.149,4.681,4.5040000000000004,7.8020000000000005,7.63,15.93,0.47500000000000003,0.419,4.0840000000000005,4.932,9.266,3.299,2.965,1.418
1987Q3,35.762,39.249,12.4,8.853,9.658,6.271,7.132000000000001,2.509,12.468,18.731,23.59,12.282,10.319,18.072,16.342,9.327,1.825,1.362,18.387,6.63,10.237,1.231,11.21,3.246,14.752,32.393,13.822000000000001,8.003,1.924,3.895,12.573,6.789,5.672,9.391,21.114,27.947,15.196,3.557,9.194,12.21,0.801,3.715,4.7,6.921,0.629,2.512,2.605,3.853,145.67600000000002,119.992,20.396,5.288,39.578,58.099000000000004,0.632,5.853,9.526,13.616,5.149,4.681,4.5040000000000004,7.8020000000000005,7.63,15.93,0.47500000000000003,0.419,4.0840000000000005,4.932,9.266,3.299,2.965,1.418
1987Q4,35.762,39.249,12.4,8.853,9.658,6.271,7.132000000000001,2.509,12.468,18.731,23.59,12.282,10.319,18.072,16.342,9.327,1.825,1.362,18.387,6.63,10.237,1.231,11.21,3.246,14.752,32.393,13.822000000000001,8.003,1.924,3.895,12.573,6.789,5.672,9.391,21.114,27.947,15.196,3.557,9.194,12.21,0.801,3.715,4.7,6.921,0.629,2.512,2.605,3.853,145.67600000000002,119.992,20.396,5.288,39.578,58.099000000000004,0.632,5.853,9.526,13.616,5.149,4.681,4.5040000000000004,7.8020000000000005,7.63,15.93,0.47500000000000003,0.419,4.0840000000000005,4.932,9.266,3.299,2.965,1.418
1988Q1,37.956,43.739000000000004,13.525,9.208,10.717,5.611,7.958,2.719,13.878,20.863,26.013,12.751,11.547,17.145,22.206,9.984,1.602,2.202,18.751,8.993,10.272,1.532,11.734,3.604,16.043,34.137,15.729000000000001,9.373,2.253,4.103,13.247,7.1530000000000005,5.976,9.904,23.115000000000002,24.234,10.645,4.033,9.556000000000001,14.827,0.857,3.9490000000000003,3.7760000000000002,7.539000000000001,0.721,2.464,2.392,3.255,146.647,123.449,17.978,5.22,42.12,60.767,0.605,7.609,11.447000000000001,14.275,5.965,5.1770000000000005,4.67,8.39,7.516,16.776,0.501,0.464,4.825,5.118,9.8,3.583,3.001,1.491
1988Q2,37.956,43.739000000000004,13.525,9.208,10.717,5.611,7.958,2.719,13.878,20.863,26.013,12.751,11.547,17.145,22.206,9.984,1.602,2.202,18.751,8.993,10.272,1.532,11.734,3.604,16.043,34.137,15.729000000000001,9.373,2.253,4.103,13.247,7.1530000000000005,5.976,9.904,23.115000000000002,24.234,10.645,4.033,9.556000000000001,14.827,0.857,3.9490000000000003,3.7760000000000002,7.539000000000001,0.721,2.464,2.392,3.255,146.647,123.449,17.978,5.22,42.12,60.767,0.605,7.609,11.447000000000001,14.275,5.965,5.1770000000000005,4.67,8.39,7.516,16.776,0.501,0.464,4.825,5.118,9.8,3.583,3.001,1.491
1988Q3,37.956,43.739000000000004,13.525,9.208,10.717,5.611,7.958,2.719,13.878,20.863,26.013,12.751,11.547,17.145,22.206,9.984,1.602,2.202,18.751,8.993,10.272,1.532,11.734,3.604,16.043,34.137,15.729000000000001,9.373,2.253,4.103,13.247,7.1530000000000005,5.976,9.904,23.115000000000002,24.234,10.645,4.033,9.556000000000001,14.827,0.857,3.9490000000000003,3.7760000000000002,7.539000000000001,0.721,2.464,2.392,3.255,146.647,123.449,17.978,5.22,42.12,60.767,0.605,7.609,11.447000000000001,14.275,5.965,5.1770000000000005,4.67,8.39,7.516,16.776,0.501,0.464,4.825,5.118,9.8,3.583,3.001,1.491
1988Q4,37.956,43.739000000000004,13.525,9.208,10.717,5.611,7.958,2.719,13.878,20.863,26.013,12.751,11.547,17.145,22.206,9.984,1.602,2.202,18.751,8.993,10.272,1.532,11.734,3.604,16.043,34.137,15.729000000000001,9.373,2.253,4.103,13.247,7.1530000000000005,5.976,9.904,23.115000000000002,24.234,10.645,4.033,9.556000000000001,14.827,0.857,3.9490000000000003,3.7760000000000002,7.539000000000001,0.721,2.464,2.392,3.255,146.647,123.449,17.978,5.22,42.12,60.767,0.605,7.609,11.447000000000001,14.275,5.965,5.1770000000000005,4.67,8.39,7.516,16.776,0.501,0.464,4.825,5.118,9.8,3.583,3.001,1.491
1989Q1,43.093,43.639,14.484,11.732000000000001,11.672,6.098,8.961,3.261,16.693,23.677,27.015,13.718,10.204,17.762,18.612000000000002,8.039,1.485,3.3080000000000003,21.627,11.036,13.178,1.853,12.855,3.604,17.519000000000002,34.46,15.946,9.519,2.2880000000000003,4.139,13.744,7.421,6.2010000000000005,10.266,28.675,25.172,10.83,4.728,9.614,13.879,0.981,4.277,4.2780000000000005,6.848,0.629,2.707,2.5300000000000002,3.634,147.066,123.971,18.002,5.093,41.156,60.993,0.65,10.457,12.971,17.167,6.8420000000000005,5.519,4.705,9.332,7.24,18.901,0.784,0.515,5.106,6.228,10.362,3.999,3.343,1.478
1989Q2,43.093,43.639,14.484,11.732000000000001,11.672,6.098,8.961,3.261,16.693,23.677,27.015,13.718,10.204,17.762,18.612000000000002,8.039,1.485,3.3080000000000003,21.627,11.036,13.178,1.853,12.855,3.604,17.519000000000002,34.46,15.946,9.519,2.2880000000000003,4.139,13.744,7.421,6.2010000000000005,10.266,28.675,25.172,10.83,4.728,9.614,13.879,0.981,4.277,4.2780000000000005,6.848,0.629,2.707,2.5300000000000002,3.634,147.066,123.971,18.002,5.093,41.156,60.993,0.65,10.457,12.971,17.167,6.8420000000000005,5.519,4.705,9.332,7.24,18.901,0.784,0.515,5.106,6.228,10.362,3.999,3.343,1.478
1989Q3,43.093,43.639,14.484,11.732000000000001,11.672,6.098,8.961,3.261,16.693,23.677,27.015,13.718,10.204,17.762,18.612000000000002,8.039,1.485,3.3080000000000003,21.627,11.036,13.178,1.853,12.855,3.604,17.519000000000002,34.46,15.946,9.519,2.2880000000000003,4.139,13.744,7.421,6.2010000000000005,10.266,28.675,25.172,10.83,4.728,9.614,13.879,0.981,4.277,4.2780000000000005,6.848,0.629,2.707,2.5300000000000002,3.634,147.066,123.971,18.002,5.093,41.156,60.993,0.65,10.457,12.971,17.167,6.8420000000000005,5.519,4.705,9.332,7.24,18.901,0.784,0.515,5.106,6.228,10.362,3.999,3.343,1.478
1989Q4,43.093,43.639,14.484,11.732000000000001,11.672,6.098,8.961,3.261,16.693,23.677,27.015,13.718,10.204,17.762,18.612000000000002,8.039,1.485,3.3080000000000003,21.627,11.036,13.178,1.853,12.855,3.604,17.519000000000002,34.46,15.946,9.519,2.2880000000000003,4.139,13.744,7.421,6.2010000000000005,10.266,28.675,25.172,10.83,4.728,9.614,13.879,0.981,4.277,4.2780000000000005,6.848,0.629,2.707,2.5300000000000002,3.634,147.066,123.971,18.002,5.093,41.156,60.993,0.65,10.457,12.971,17.167,6.8420000000000005,5.519,4.705,9.332,7.24,18.901,0.784,0.515,5.106,6.228,10.362,3.999,3.343,1.478
1990Q1,38.643,45.219,16.41,12.916,11.421,4.957,9.172,3.115,15.959,22.55,27.381,13.965,9.139,14.009,21.087,11.456,1.554,3.4290000000000003,21.002,12.451,13.563,1.7530000000000001,11.695,3.298,17.671,32.803,16.923000000000002,10.47,2.517,3.936,13.676,7.385,6.17,10.196,33.489,28.227,13.193,5.231,9.803,16.728,1.1300000000000001,4.083,4.8,7.311,0.656,2.646,2.801,4.3,135.474,115.191,15.385,4.898,39.575,57.861000000000004,0.751,13.337,14.199,17.871,7.688,6.219,4.914,9.112,6.8500000000000005,20.122,1.385,0.583,5.25,6.056,11.608,4.235,3.906,1.739
1990Q2,38.643,45.219,16.41,12.916,11.421,4.957,9.172,3.115,15.959,22.55,27.381,13.965,9.139,14.009,21.087,11.456,1.554,3.4290000000000003,21.002,12.451,13.563,1.7530000000000001,11.695,3.298,17.671,32.803,16.923000000000002,10.47,2.517,3.936,13.676,7.385,6.17,10.196,33.489,28.227,13.193,5.231,9.803,16.728,1.1300000000000001,4.083,4.8,7.311,0.656,2.646,2.801,4.3,135.474,115.191,15.385,4.898,39.575,57.861000000000004,0.751,13.337,14.199,17.871,7.688,6.219,4.914,9.112,6.8500000000000005,20.122,1.385,0.583,5.25,6.056,11.608,4.235,3.906,1.739
1990Q3,38.643,45.219,16.41,12.916,11.421,4.957,9.172,3.115,15.959,22.55,27.381,13.965,9.139,14.009,21.087,11.456,1.554,3.4290000000000003,21.002,12.451,13.563,1.7530000000000001,11.695,3.298,17.671,32.803,16.923000000000002,10.47,2.517,3.936,13.676,7.385,6.17,10.196,33.489,28.227,13.193,5.231,9.803,16.728,1.1300000000000001,4.083,4.8,7.311,0.656,2.646,2.801,4.3,135.474,115.191,15.385,4.898,39.575,57.861000000000004,0.751,13.337,14.199,17.871,7.688,6.219,4.914,9.112,6.8500000000000005,20.122,1.385,0.583,5.25,6.056,11.608,4.235,3.906,1.739
1990Q4,38.643,45.219,16.41,12.916,11.421,4.957,9.172,3.115,15.959,22.55,27.381,13.965,9.139,14.009,21.087,11.456,1.554,3.4290000000000003,21.002,12.451,13.563,1.7530000000000001,11.695,3.298,17.671,32.803,16.923000000000002,10.47,2.517,3.936,13.676,7.385,6.17,10.196,33.489,28.227,13.193,5.231,9.803,16.728,1.1300000000000001,4.083,4.8,7.311,0.656,2.646,2.801,4.3,135.474,115.191,15.385,4.898,39.575,57.861000000000004,0.751,13.337,14.199,17.871,7.688,6.219,4.914,9.112,6.8500000000000005,20.122,1.385,0.583,5.25,6.056,11.608,4.235,3.906,1.739
1991Q1,37.704,43.660000000000004,17.809,13.395,12.0,4.636,9.373,3.829,15.677,21.278,25.817,13.339,9.328,12.154,25.875,12.687,1.598,3.192,18.866,10.565,9.031,1.448,11.238,2.766,17.764,26.087,15.352,9.837,2.365,3.15,9.921,5.357,4.476,7.413,31.276,28.041,12.774000000000001,6.305,8.962,17.179000000000002,1.3,3.7760000000000002,4.934,6.924,0.614,2.448,2.753,4.2540000000000004,117.458,101.742,11.341000000000001,4.375,40.824,56.86,0.263,14.27,15.677,18.761,9.047,6.538,5.083,9.644,6.846,21.062,2.067,0.66,5.639,7.315,11.643,4.412,4.207,1.82
1991Q2,37.704,43.660000000000004,17.809,13.395,12.0,4.636,9.373,3.829,15.677,21.278,25.817,13.339,9.328,12.154,25.875,12.687,1.598,3.192,18.866,10.565,9.031,1.448,11.238,2.766,17.764,26.087,15.352,9.837,2.365,3.15,9.921,5.357,4.476,7.413,31.276,28.041,12.774000000000001,6.305,8.962,17.179000000000002,1.3,3.7760000000000002,4.934,6.924,0.614,2.448,2.753,4.2540000000000004,117.458,101.742,11.341000000000001,4.375,40.824,56.86,0.263,14.27,15.677,18.761,9.047,6.538,5.083,9.644,6.846,21.062,2.067,0.66,5.639,7.315,11.643,4.412,4.207,1.82
1991Q3,37.704,43.660000000000004,17.809,13.395,12.0,4.636,9.373,3.829,15.677,21.278,25.817,13.339,9.328,12.154,25.875,12.687,1.598,3.192,18.866,10.565,9.031,1.448,11.238,2.766,17.764,26.087,15.352,9.837,2.365,3.15,9.921,5.357,4.476,7.413,31.276,28.041,12.774000000000001,6.305,8.962,17.179000000000002,1.3,3.7760000000000002,4.934,6.924,0.614,2.448,2.753,4.2540000000000004,117.458,101.742,11.341000000000001,4.375,40.824,56.86,0.263,14.27,15.677,18.761,9.047,6.538,5.083,9.644,6.846,21.062,2.067,0.66,5.639,7.315,11.643,4.412,4.207,1.82
1991Q4,37.704,43.660000000000004,17.809,13.395,12.0,4.636,9.373,3.829,15.677,21.278,25.817,13.339,9.328,12.154,25.875,12.687,1.598,3.192,18.866,10.565,9.031,1.448,11.238,2.766,17.764,26.087,15.352,9.837,2.365,3.15,9.921,5.357,4.476,7.413,31.276,28.041,12.774000000000001,6.305,8.962,17.179000000000002,1.3,3.7760000000000002,4.934,6.924,0.614,2.448,2.753,4.2540000000000004,117.458,101.742,11.341000000000001,4.375,40.824,56.86,0.263,14.27,15.677,18.761,9.047,6.538,5.083,9.644,6.846,21.062,2.067,0.66,5.639,7.315,11.643,4.412,4.207,1.82
1992Q1,43.582,46.207,19.89,14.254,12.571,5.132,9.599,3.6630000000000003,16.865000000000002,21.426000000000002,26.479,13.655000000000001,9.686,16.094,26.813,13.721,1.16,2.9210000000000003,20.683,9.370000000000001,9.001,1.1280000000000001,11.06,2.857,18.227,21.915,15.448,10.322000000000001,2.481,2.645,9.764,5.272,4.405,7.0520000000000005,28.733,27.141000000000002,10.398,7.75,8.993,12.829,1.2550000000000001,3.392,5.134,6.91,0.583,2.9010000000000002,2.398,5.05,139.098,124.244,9.312,5.542,45.525,63.843,0.34500000000000003,16.649,16.843,17.562,10.132,6.3950000000000005,5.476,9.872,7.437,20.916,2.2600000000000002,0.677,5.938,6.703,13.248000000000001,4.681,4.64,1.925
1992Q2,43.582,46.207,19.89,14.254,12.571,5.132,9.599,3.6630000000000003,16.865000000000002,21.426000000000002,26.479,13.655000000000001,9.686,16.094,26.813,13.721,1.16,2.9210000000000003,20.683,9.370000000000001,9.001,1.1280000000000001,11.06,2.857,18.227,21.915,15.448,10.322000000000001,2.481,2.645,9.764,5.272,4.405,7.0520000000000005,28.733,27.141000000000002,10.398,7.75,8.993,12.829,1.2550000000000001,3.392,5.134,6.91,0.583,2.9010000000000002,2.398,5.05,139.098,124.244,9.312,5.542,45.525,63.843,0.34500000000000003,16.649,16.843,17.562,10.132,6.3950000000000005,5.476,9.872,7.437,20.916,2.2600000000000002,0.677,5.938,6.703,13.248000000000001,4.681,4.64,1.925
1992Q3,43.582,46.207,19.89,14.254,12.571,5.132,9.599,3.6630000000000003,16.865000000000002,21.426000000000002,26.479,13.655000000000001,9.686,16.094,26.813,13.721,1.16,2.9210000000000003,20.683,9.370000000000001,9.001,1.1280000000000001,11.06,2.857,18.227,21.915,15.448,10.322000000000001,2.481,2.645,9.764,5.272,4.405,7.0520000000000005,28.733,27.141000000000002,10.398,7.75,8.993,12.829,1.2550000000000001,3.392,5.134,6.91,0.583,2.9010000000000002,2.398,5.05,139.098,124.244,9.312,5.542,45.525,63.843,0.34500000000000003,16.649,16.843,17.562,10.132,6.3950000000000005,5.476,9.872,7.437,20.916,2.2600000000000002,0.677,5.938,6.703,13.248000000000001,4.681,4.64,1.925
1992Q4,43.582,46.207,19.89,14.254,12.571,5.132,9.599,3.6630000000000003,16.865000000000002,21.426000000000002,26.479,13.655000000000001,9.686,16.094,26.813,13.721,1.16,2.9210000000000003,20.683,9.370000000000001,9.001,1.1280000000000001,11.06,2.857,18.227,21.915,15.448,10.322000000000001,2.481,2.645,9.764,5.272,4.405,7.0520000000000005,28.733,27.141000000000002,10.398,7.75,8.993,12.829,1.2550000000000001,3.392,5.134,6.91,0.583,2.9010000000000002,2.398,5.05,139.098,124.244,9.312,5.542,45.525,63.843,0.34500000000000003,16.649,16.843,17.562,10.132,6.3950000000000005,5.476,9.872,7.437,20.916,2.2600000000000002,0.677,5.938,6.703,13.248000000000001,4.681,4.64,1.925
1993Q1,47.453,48.692,22.063,14.521,14.488,5.63,9.349,3.5180000000000002,18.644000000000002,23.998,31.299,14.208,14.535,21.937,31.087,13.183,2.124,3.37,21.185,10.838000000000001,11.741,2.277,11.894,2.853,21.43,22.753,16.653,11.225,2.698,2.73,10.853,5.86,4.896,7.768,23.289,30.425,14.175,6.631,9.619,15.151,1.337,3.783,5.319,7.640000000000001,0.676,3.11,3.392,4.737,156.241,141.28,7.613,7.348,50.0,73.961,0.535,18.466,18.554000000000002,20.17,11.296,6.631,5.49,11.304,6.872,17.175,2.236,0.68,6.136,8.306000000000001,12.844,5.01,5.0120000000000005,2.225
1993Q2,47.453,48.692,22.063,14.521,14.488,5.63,9.349,3.5180000000000002,18.644000000000002,23.998,31.299,14.208,14.535,21.937,31.087,13.183,2.124,3.37,21.185,10.838000000000001,11.741,2.277,11.894,2.853,21.43,22.753,16.653,11.225,2.698,2.73,10.853,5.86,4.896,7.768,23.289,30.425,14.175,6.631,9.619,15.151,1.337,3.783,5.319,7.640000000000001,0.676,3.11,3.392,4.737,156.241,141.28,7.613,7.348,50.0,73.961,0.535,18.466,18.554000000000002,20.17,11.296,6.631,5.49,11.304,6.872,17.175,2.236,0.68,6.136,8.306000000000001,12.844,5.01,5.0120000000000005,2.225
1993Q3,47.453,48.692,22.063,14.521,14.488,5.63,9.349,3.5180000000000002,18.644000000000002,23.998,31.299,14.208,14.535,21.937,31.087,13.183,2.124,3.37,21.185,10.838000000000001,11.741,2.277,11.894,2.853,21.43,22.753,16.653,11.225,2.698,2.73,10.853,5.86,4.896,7.768,23.289,30.425,14.175,6.631,9.619,15.151,1.337,3.783,5.319,7.640000000000001,0.676,3.11,3.392,4.737,156.241,141.28,7.613,7.348,50.0,73.961,0.535,18.466,18.554000000000002,20.17,11.296,6.631,5.49,11.304,6.872,17.175,2.236,0.68,6.136,8.306000000000001,12.844,5.01,5.0120000000000005,2.225
1993Q4,47.453,48.692,22.063,14.521,14.488,5.63,9.349,3.5180000000000002,18.644000000000002,23.998,31.299,14.208,14.535,21.937,31.087,13.183,2.124,3.37,21.185,10.838000000000001,11.741,2.277,11.894,2.853,21.43,22.753,16.653,11.225,2.698,2.73,10.853,5.86,4.896,7.768,23.289,30.425,14.175,6.631,9.619,15.151,1.337,3.783,5.319,7.640000000000001,0.676,3.11,3.392,4.737,156.241,141.28,7.613,7.348,50.0,73.961,0.535,18.466,18.554000000000002,20.17,11.296,6.631,5.49,11.304,6.872,17.175,2.236,0.68,6.136,8.306000000000001,12.844,5.01,5.0120000000000005,2.225
1994Q1,51.871,56.801,21.368000000000002,15.426,15.297,5.683,10.037,3.886,22.197,26.119,34.550000000000004,15.71,24.825,25.13,40.068,8.707,1.807,4.572,22.371000000000002,12.288,13.486,2.346,13.149000000000001,3.0260000000000002,23.731,24.284,16.567,11.224,2.449,2.894,11.392,5.713,5.869,10.995000000000001,28.682000000000002,25.895,10.082,5.692,10.121,14.512,1.784,3.766,5.5,7.96,0.73,3.353,3.226,4.264,184.93800000000002,164.772,10.599,9.567,53.47,78.888,0.324,19.856,21.365000000000002,19.173000000000002,12.155000000000001,6.204,6.212,12.614,6.532,18.592,2.402,0.709,6.223,8.598,13.83,5.253,6.096,2.327
1994Q2,51.871,56.801,21.368000000000002,15.426,15.297,5.683,10.037,3.886,22.197,26.119,34.550000000000004,15.71,24.825,25.13,40.068,8.707,1.807,4.572,22.371000000000002,12.288,13.486,2.346,13.149000000000001,3.0260000000000002,23.731,24.284,16.567,11.224,2.449,2.894,11.392,5.713,5.869,10.995000000000001,28.682000000000002,25.895,10.082,5.692,10.121,14.512,1.784,3.766,5.5,7.96,0.73,3.353,3.226,4.264,184.93800000000002,164.772,10.599,9.567,53.47,78.888,0.324,19.856,21.365000000000002,19.173000000000002,12.155000000000001,6.204,6.212,12.614,6.532,18.592,2.402,0.709,6.223,8.598,13.83,5.253,6.096,2.327
1994Q3,51.871,56.801,21.368000000000002,15.426,15.297,5.683,10.037,3.886,22.197,26.119,34.550000000000004,15.71,24.825,25.13,40.068,8.707,1.807,4.572,22.371000000000002,12.288,13.486,2.346,13.149000000000001,3.0260000000000002,23.731,24.284,16.567,11.224,2.449,2.894,11.392,5.713,5.869,10.995000000000001,28.682000000000002,25.895,10.082,5.692,10.121,14.512,1.784,3.766,5.5,7.96,0.73,3.353,3.226,4.264,184.93800000000002,164.772,10.599,9.567,53.47,78.888,0.324,19.856,21.365000000000002,19.173000000000002,12.155000000000001,6.204,6.212,12.614,6.532,18.592,2.402,0.709,6.223,8.598,13.83,5.253,6.096,2.327
1994Q4,51.871,56.801,21.368000000000002,15.426,15.297,5.683,10.037,3.886,22.197,26.119,34.550000000000004,15.71,24.825,25.13,40.068,8.707,1.807,4.572,22.371000000000002,12.288,13.486,2.346,13.149000000000001,3.0260000000000002,23.731,24.284,16.567,11.224,2.449,2.894,11.392,5.713,5.869,10.995000000000001,28.682000000000002,25.895,10.082,5.692,10.121,14.512,1.784,3.766,5.5,7.96,0.73,3.353,3.226,4.264,184.93800000000002,164.772,10.599,9.567,53.47,78.888,0.324,19.856,21.365000000000002,19.173000000000002,12.155000000000001,6.204,6.212,12.614,6.532,18.592,2.402,0.709,6.223,8.598,13.83,5.253,6.096,2.327
1995Q1,65.46600000000001,63.455,21.779,17.042,14.187000000000001,5.7940000000000005,10.838000000000001,3.291,26.291,30.917,39.097,17.414,28.346,28.969,35.806,12.663,1.7610000000000001,5.229,24.275000000000002,12.712,15.312000000000001,2.5,14.17,3.321,25.596,28.046,15.878,9.862,2.674,3.342,11.226,6.72,8.719,11.878,35.223,31.395,13.094,7.208,11.093,13.664,1.286,4.211,6.246,8.533,0.767,3.529,3.0140000000000002,4.98,181.78300000000002,156.383,13.796000000000001,11.604000000000001,54.166000000000004,81.302,0.49,22.208000000000002,24.664,18.605,14.499,6.341,7.356,14.264000000000001,6.522,21.867,2.645,0.767,6.4510000000000005,10.548,15.601,5.511,6.058,2.466
1995Q2,65.46600000000001,63.455,21.779,17.042,14.187000000000001,5.7940000000000005,10.838000000000001,3.291,26.291,30.917,39.097,17.414,28.346,28.969,35.806,12.663,1.7610000000000001,5.229,24.275000000000002,12.712,15.312000000000001,2.5,14.17,3.321,25.596,28.046,15.878,9.862,2.674,3.342,11.226,6.72,8.719,11.878,35.223,31.395,13.094,7.208,11.093,13.664,1.286,4.211,6.246,8.533,0.767,3.529,3.0140000000000002,4.98,181.78300000000002,156.383,13.796000000000001,11.604000000000001,54.166000000000004,81.302,0.49,22.208000000000002,24.664,18.605,14.499,6.341,7.356,14.264000000000001,6.522,21.867,2.645,0.767,6.4510000000000005,10.548,15.601,5.511,6.058,2.466
1995Q3,65.46600000000001,63.455,21.779,17.042,14.187000000000001,5.7940000000000005,10.838000000000001,3.291,26.291,30.917,39.097,17.414,28.346,28.969,35.806,12.663,1.7610000000000001,5.229,24.275000000000002,12.712,15.312000000000001,2.5,14.17,3.321,25.596,28.046,15.878,9.862,2.674,3.342,11.226,6.72,8.719,11.878,35.223,31.395,13.094,7.208,11.093,13.664,1.286,4.211,6.246,8.533,0.767,3.529,3.0140000000000002,4.98,181.78300000000002,156.383,13.796000000000001,11.604000000000001,54.166000000000004,81.302,0.49,22.208000000000002,24.664,18.605,14.499,6.341,7.356,14.264000000000001,6.522,21.867,2.645,0.767,6.4510000000000005,10.548,15.601,5.511,6.058,2.466
1995Q4,65.46600000000001,63.455,21.779,17.042,14.187000000000001,5.7940000000000005,10.838000000000001,3.291,26.291,30.917,39.097,17.414,28.346,28.969,35.806,12.663,1.7610000000000001,5.229,24.275000000000002,12.712,15.312000000000001,2.5,14.17,3.321,25.596,28.046,15.878,9.862,2.674,3.342,11.226,6.72,8.719,11.878,35.223,31.395,13.094,7.208,11.093,13.664,1.286,4.211,6.246,8.533,0.767,3.529,3.0140000000000002,4.98,181.78300000000002,156.383,13.796000000000001,11.604000000000001,54.166000000000004,81.302,0.49,22.208000000000002,24.664,18.605,14.499,6.341,7.356,14.264000000000001,6.522,21.867,2.645,0.767,6.4510000000000005,10.548,15.601,5.511,6.058,2.466
1996Q1,72.056,70.753,23.769000000000002,17.909,13.587,5.857,12.135,3.979,27.337,32.617,41.295,18.187,37.519,25.641000000000002,37.04,12.099,2.265,5.338,25.379,12.803,17.499,2.738,14.82,3.222,27.381,30.672,16.768,9.374,3.755,3.6390000000000002,12.685,7.1160000000000005,10.903,12.833,37.926,31.401,13.854000000000001,5.737,11.81,15.21,1.48,4.413,7.643,9.294,0.9580000000000001,4.376,3.658,4.255,202.592,173.689,15.712,13.191,61.534,87.031,0.5740000000000001,26.397000000000002,30.735,17.391000000000002,16.474,6.998,8.889,15.5,6.972,24.321,3.376,0.847,6.913,13.064,17.457,5.503,5.666,2.585
1996Q2,72.056,70.753,23.769000000000002,17.909,13.587,5.857,12.135,3.979,27.337,32.617,41.295,18.187,37.519,25.641000000000002,37.04,12.099,2.265,5.338,25.379,12.803,17.499,2.738,14.82,3.222,27.381,30.672,16.768,9.374,3.755,3.6390000000000002,12.685,7.1160000000000005,10.903,12.833,37.926,31.401,13.854000000000001,5.737,11.81,15.21,1.48,4.413,7.643,9.294,0.9580000000000001,4.376,3.658,4.255,202.592,173.689,15.712,13.191,61.534,87.031,0.5740000000000001,26.397000000000002,30.735,17.391000000000002,16.474,6.998,8.889,15.5,6.972,24.321,3.376,0.847,6.913,13.064,17.457,5.503,5.666,2.585
1996Q3,72.056,70.753,23.769000000000002,17.909,13.587,5.857,12.135,3.979,27.337,32.617,41.295,18.187,37.519,25.641000000000002,37.04,12.099,2.265,5.338,25.379,12.803,17.499,2.738,14.82,3.222,27.381,30.672,16.768,9.374,3.755,3.6390000000000002,12.685,7.1160000000000005,10.903,12.833,37.926,31.401,13.854000000000001,5.737,11.81,15.21,1.48,4.413,7.643,9.294,0.9580000000000001,4.376,3.658,4.255,202.592,173.689,15.712,13.191,61.534,87.031,0.5740000000000001,26.397000000000002,30.735,17.391000000000002,16.474,6.998,8.889,15.5,6.972,24.321,3.376,0.847,6.913,13.064,17.457,5.503,5.666,2.585
1996Q4,72.056,70.753,23.769000000000002,17.909,13.587,5.857,12.135,3.979,27.337,32.617,41.295,18.187,37.519,25.641000000000002,37.04,12.099,2.265,5.338,25.379,12.803,17.499,2.738,14.82,3.222,27.381,30.672,16.768,9.374,3.755,3.6390000000000002,12.685,7.1160000000000005,10.903,12.833,37.926,31.401,13.854000000000001,5.737,11.81,15.21,1.48,4.413,7.643,9.294,0.9580000000000001,4.376,3.658,4.255,202.592,173.689,15.712,13.191,61.534,87.031,0.5740000000000001,26.397000000000002,30.735,17.391000000000002,16.474,6.998,8.889,15.5,6.972,24.321,3.376,0.847,6.913,13.064,17.457,5.503,5.666,2.585
1997Q1,81.043,80.001,26.44,16.582,12.634,5.763,10.548,3.744,29.561,32.715,43.145,19.291,47.431000000000004,23.752,35.329,14.472,2.657,5.8180000000000005,29.598,15.173,18.971,3.335,14.781,3.6310000000000002,29.325,37.661,19.573,11.24,3.857,4.476,11.541,8.132,11.927,15.367,37.576,29.587,12.197000000000001,4.9750000000000005,12.416,20.952,1.417,5.623,9.825000000000001,10.245000000000001,1.0070000000000001,5.075,3.815,3.8000000000000003,209.519,177.929,17.726,13.864,68.056,90.95100000000001,0.79,34.881,37.805,21.068,18.674,6.4830000000000005,10.894,15.043000000000001,7.155,26.264,4.152,0.867,7.333,12.634,18.234,6.059,6.488,2.685
1997Q2,81.043,80.001,26.44,16.582,12.634,5.763,10.548,3.744,29.561,32.715,43.145,19.291,47.431000000000004,23.752,35.329,14.472,2.657,5.8180000000000005,29.598,15.173,18.971,3.335,14.781,3.6310000000000002,29.325,37.661,19.573,11.24,3.857,4.476,11.541,8.132,11.927,15.367,37.576,29.587,12.197000000000001,4.9750000000000005,12.416,20.952,1.417,5.623,9.825000000000001,10.245000000000001,1.0070000000000001,5.075,3.815,3.8000000000000003,209.519,177.929,17.726,13.864,68.056,90.95100000000001,0.79,34.881,37.805,21.068,18.674,6.4830000000000005,10.894,15.043000000000001,7.155,26.264,4.152,0.867,7.333,12.634,18.234,6.059,6.488,2.685
1997Q3,81.043,80.001,26.44,16.582,12.634,5.763,10.548,3.744,29.561,32.715,43.145,19.291,47.431000000000004,23.752,35.329,14.472,2.657,5.8180000000000005,29.598,15.173,18.971,3.335,14.781,3.6310000000000002,29.325,37.661,19.573,11.24,3.857,4.476,11.541,8.132,11.927,15.367,37.576,29.587,12.197000000000001,4.9750000000000005,12.416,20.952,1.417,5.623,9.825000000000001,10.245000000000001,1.0070000000000001,5.075,3.815,3.8000000000000003,209.519,177.929,17.726,13.864,68.056,90.95100000000001,0.79,34.881,37.805,21.068,18.674,6.4830000000000005,10.894,15.043000000000001,7.155,26.264,4.152,0.867,7.333,12.634,18.234,6.059,6.488,2.685
1997Q4,81.043,80.001,26.44,16.582,12.634,5.763,10.548,3.744,29.561,32.715,43.145,19.291,47.431000000000004,23.752,35.329,14.472,2.657,5.8180000000000005,29.598,15.173,18.971,3.335,14.781,3.6310000000000002,29.325,37.661,19.573,11.24,3.857,4.476,11.541,8.132,11.927,15.367,37.576,29.587,12.197000000000001,4.9750000000000005,12.416,20.952,1.417,5.623,9.825000000000001,10.245000000000001,1.0070000000000001,5.075,3.815,3.8000000000000003,209.519,177.929,17.726,13.864,68.056,90.95100000000001,0.79,34.881,37.805,21.068,18.674,6.4830000000000005,10.894,15.043000000000001,7.155,26.264,4.152,0.867,7.333,12.634,18.234,6.059,6.488,2.685
1998Q1,87.145,87.056,30.301000000000002,17.021,12.701,5.14,10.9,4.4270000000000005,29.862000000000002,34.06,46.216,20.2,47.653,29.973,35.016,19.645,2.842,6.68,33.376,15.795,21.73,3.314,16.775,4.297,31.804000000000002,46.121,19.962,10.658,4.724,4.581,12.717,8.748,12.183,15.601,40.198,34.207,13.097,8.637,12.473,21.091,1.084,6.4590000000000005,10.881,10.307,1.162,5.916,4.284,3.886,235.59900000000002,201.323,19.581,14.695,81.8,93.782,0.9560000000000001,43.329,45.184,20.715,21.913,7.952,11.93,14.914,7.179,26.147000000000002,5.207,0.877,8.22,13.506,19.147000000000002,6.485,6.488,2.717
1998Q2,87.145,87.056,30.301000000000002,17.021,12.701,5.14,10.9,4.4270000000000005,29.862000000000002,34.06,46.216,20.2,47.653,29.973,35.016,19.645,2.842,6.68,33.376,15.795,21.73,3.314,16.775,4.297,31.804000000000002,46.121,19.962,10.658,4.724,4.581,12.717,8.748,12.183,15.601,40.198,34.207,13.097,8.637,12.473,21.091,1.084,6.4590000000000005,10.881,10.307,1.162,5.916,4.284,3.886,235.59900000000002,201.323,19.581,14.695,81.8,93.782,0.9560000000000001,43.329,45.184,20.715,21.913,7.952,11.93,14.914,7.179,26.147000000000002,5.207,0.877,8.22,13.506,19.147000000000002,6.485,6.488,2.717
1998Q3,87.145,87.056,30.301000000000002,17.021,12.701,5.14,10.9,4.4270000000000005,29.862000000000002,34.06,46.216,20.2,47.653,29.973,35.016,19.645,2.842,6.68,33.376,15.795,21.73,3.314,16.775,4.297,31.804000000000002,46.121,19.962,10.658,4.724,4.581,12.717,8.748,12.183,15.601,40.198,34.207,13.097,8.637,12.473,21.091,1.084,6.4590000000000005,10.881,10.307,1.162,5.916,4.284,3.886,235.59900000000002,201.323,19.581,14.695,81.8,93.782,0.9560000000000001,43.329,45.184,20.715,21.913,7.952,11.93,14.914,7.179,26.147000000000002,5.207,0.877,8.22,13.506,19.147000000000002,6.485,6.488,2.717
1998Q4,87.145,87.056,30.301000000000002,17.021,12.701,5.14,10.9,4.4270000000000005,29.862000000000002,34.06,46.216,20.2,47.653,29.973,35.016,19.645,2.842,6.68,33.376,15.795,21.73,3.314,16.775,4.297,31.804000000000002,46.121,19.962,10.658,4.724,4.581,12.717,8.748,12.183,15.601,40.198,34.207,13.097,8.637,12.473,21.091,1.084,6.4590000000000005,10.881,10.307,1.162,5.916,4.284,3.886,235.59900000000002,201.323,19.581,14.695,81.8,93.782,0.9560000000000001,43.329,45.184,20.715,21.913,7.952,11.93,14.914,7.179,26.147000000000002,5.207,0.877,8.22,13.506,19.147000000000002,6.485,6.488,2.717
1999Q1,96.078,98.739,32.223,17.114,10.729000000000001,3.722,11.493,5.481,29.021,34.62,44.773,21.900000000000002,53.647,34.142,41.172000000000004,28.924,2.936,7.4830000000000005,36.272,11.401,22.408,4.851,18.313,4.123,33.797000000000004,51.438,20.696,10.682,4.487,5.526,14.771,8.025,13.285,16.492,34.811,40.073,15.261000000000001,6.407,18.405,17.186,0.989,7.2490000000000006,10.4,11.46,1.345,4.996,5.059,3.496,262.184,225.887,21.993000000000002,14.304,89.848,101.206,1.2750000000000001,50.744,53.613,32.287,24.547,8.051,12.68,16.375,7.502,26.955000000000002,6.09,0.9500000000000001,8.538,12.831,20.372,6.93,8.081,2.795
1999Q2,96.078,98.739,32.223,17.114,10.729000000000001,3.722,11.493,5.481,29.021,34.62,44.773,21.900000000000002,53.647,34.142,41.172000000000004,28.924,2.936,7.4830000000000005,36.272,11.401,22.408,4.851,18.313,4.123,33.797000000000004,51.438,20.696,10.682,4.487,5.526,14.771,8.025,13.285,16.492,34.811,40.073,15.261000000000001,6.407,18.405,17.186,0.989,7.2490000000000006,10.4,11.46,1.345,4.996,5.059,3.496,262.184,225.887,21.993000000000002,14.304,89.848,101.206,1.2750000000000001,50.744,53.613,32.287,24.547,8.051,12.68,16.375,7.502,26.955000000000002,6.09,0.9500000000000001,8.538,12.831,20.372,6.93,8.081,2.795
1999Q3,96.078,98.739,32.223,17.114,10.729000000000001,3.722,11.493,5.481,29.021,34.62,44.773,21.900000000000002,53.647,34.142,41.172000000000004,28.924,2.936,7.4830000000000005,36.272,11.401,22.408,4.851,18.313,4.123,33.797000000000004,51.438,20.696,10.682,4.487,5.526,14.771,8.025,13.285,16.492,34.811,40.073,15.261000000000001,6.407,18.405,17.186,0.989,7.2490000000000006,10.4,11.46,1.345,4.996,5.059,3.496,262.184,225.887,21.993000000000002,14.304,89.848,101.206,1.2750000000000001,50.744,53.613,32.287,24.547,8.051,12.68,16.375,7.502,26.955000000000002,6.09,0.9500000000000001,8.538,12.831,20.372,6.93,8.081,2.795
1999Q4,96.078,98.739,32.223,17.114,10.729000000000001,3.722,11.493,5.481,29.021,34.62,44.773,21.900000000000002,53.647,34.142,41.172000000000004,28.924,2.936,7.4830000000000005,36.272,11.401,22.408,4.851,18.313,4.123,33.797000000000004,51.438,20.696,10.682,4.487,5.526,14.771,8.025,13.285,16.492,34.811,40.073,15.261000000000001,6.407,18.405,17.186,0.989,7.2490000000000006,10.4,11.46,1.345,4.996,5.059,3.496,262.184,225.887,21.993000000000002,14.304,89.848,101.206,1.2750000000000001,50.744,53.613,32.287,24.547,8.051,12.68,16.375,7.502,26.955000000000002,6.09,0.9500000000000001,8.538,12.831,20.372,6.93,8.081,2.795
2000Q1,101.659,123.32300000000001,35.211,18.387,9.838000000000001,3.857,11.946,7.101,29.8,39.335,47.631,24.976,50.715,29.573,37.851,31.601,3.46,7.134,39.214,12.75,22.94,4.771,19.046,4.3180000000000005,36.384,59.878,21.897000000000002,11.461,4.734,5.702,14.609,8.608,14.522,19.073,37.268,46.871,22.178,5.894,18.799,22.301000000000002,1.326,7.942,12.662,10.522,1.957,4.767,5.988,4.2780000000000005,274.672,240.948,22.709,11.015,92.678,109.027,1.357,56.471000000000004,63.923,36.412,28.314,8.321,14.178,16.366,7.140000000000001,27.826,7.675,1.05,8.758000000000001,16.068,21.101,7.178,8.242,2.965
2000Q2,101.659,123.32300000000001,35.211,18.387,9.838000000000001,3.857,11.946,7.101,29.8,39.335,47.631,24.976,50.715,29.573,37.851,31.601,3.46,7.134,39.214,12.75,22.94,4.771,19.046,4.3180000000000005,36.384,59.878,21.897000000000002,11.461,4.734,5.702,14.609,8.608,14.522,19.073,37.268,46.871,22.178,5.894,18.799,22.301000000000002,1.326,7.942,12.662,10.522,1.957,4.767,5.988,4.2780000000000005,274.672,240.948,22.709,11.015,92.678,109.027,1.357,56.471000000000004,63.923,36.412,28.314,8.321,14.178,16.366,7.140000000000001,27.826,7.675,1.05,8.758000000000001,16.068,21.101,7.178,8.242,2.965
2000Q3,101.659,123.32300000000001,35.211,18.387,9.838000000000001,3.857,11.946,7.101,29.8,39.335,47.631,24.976,50.715,29.573,37.851,31.601,3.46,7.134,39.214,12.75,22.94,4.771,19.046,4.3180000000000005,36.384,59.878,21.897000000000002,11.461,4.734,5.702,14.609,8.608,14.522,19.073,37.268,46.871,22.178,5.894,18.799,22.301000000000002,1.326,7.942,12.662,10.522,1.957,4.767,5.988,4.2780000000000005,274.672,240.948,22.709,11.015,92.678,109.027,1.357,56.471000000000004,63.923,36.412,28.314,8.321,14.178,16.366,7.140000000000001,27.826,7.675,1.05,8.758000000000001,16.068,21.101,7.178,8.242,2.965
2000Q4,101.659,123.32300000000001,35.211,18.387,9.838000000000001,3.857,11.946,7.101,29.8,39.335,47.631,24.976,50.715,29.573,37.851,31.601,3.46,7.134,39.214,12.75,22.94,4.771,19.046,4.3180000000000005,36.384,59.878,21.897000000000002,11.461,4.734,5.702,14.609,8.608,14.522,19.073,37.268,46.871,22.178,5.894,18.799,22.301000000000002,1.326,7.942,12.662,10.522,1.957,4.767,5.988,4.2780000000000005,274.672,240.948,22.709,11.015,92.678,109.027,1.357,56.471000000000004,63.923,36.412,28.314,8.321,14.178,16.366,7.140000000000001,27.826,7.675,1.05,8.758000000000001,16.068,21.101,7.178,8.242,2.965
2001Q1,85.72,109.102,38.464,19.288,6.738,4.782,11.88,10.797,25.397000000000002,34.924,43.77,22.974,42.373,20.973,36.408,34.626,3.216,5.424,37.113,13.745000000000001,20.532,5.541,19.899,4.662,37.861000000000004,59.518,21.955000000000002,12.733,4.001,5.22,16.207,8.676,15.532,17.52,37.494,49.803000000000004,24.186,6.021,19.596,33.261,1.2630000000000001,8.347,13.844,9.394,2.165,4.8420000000000005,5.135,3.255,286.508,253.243,24.313,8.953,101.238,115.902,1.555,58.316,63.437000000000005,35.9,29.648,8.149000000000001,16.466,15.693,7.488,25.534,8.397,1.145,8.886000000000001,15.433,21.077,7.2700000000000005,7.87,3.0380000000000003
2001Q2,85.72,109.102,38.464,19.288,6.738,4.782,11.88,10.797,25.397000000000002,34.924,43.77,22.974,42.373,20.973,36.408,34.626,3.216,5.424,37.113,13.745000000000001,20.532,5.541,19.899,4.662,37.861000000000004,59.518,21.955000000000002,12.733,4.001,5.22,16.207,8.676,15.532,17.52,37.494,49.803000000000004,24.186,6.021,19.596,33.261,1.2630000000000001,8.347,13.844,9.394,2.165,4.8420000000000005,5.135,3.255,286.508,253.243,24.313,8.953,101.238,115.902,1.555,58.316,63.437000000000005,35.9,29.648,8.149000000000001,16.466,15.693,7.488,25.534,8.397,1.145,8.886000000000001,15.433,21.077,7.2700000000000005,7.87,3.0380000000000003
2001Q3,85.72,109.102,38.464,19.288,6.738,4.782,11.88,10.797,25.397000000000002,34.924,43.77,22.974,42.373,20.973,36.408,34.626,3.216,5.424,37.113,13.745000000000001,20.532,5.541,19.899,4.662,37.861000000000004,59.518,21.955000000000002,12.733,4.001,5.22,16.207,8.676,15.532,17.52,37.494,49.803000000000004,24.186,6.021,19.596,33.261,1.2630000000000001,8.347,13.844,9.394,2.165,4.8420000000000005,5.135,3.255,286.508,253.243,24.313,8.953,101.238,115.902,1.555,58.316,63.437000000000005,35.9,29.648,8.149000000000001,16.466,15.693,7.488,25.534,8.397,1.145,8.886000000000001,15.433,21.077,7.2700000000000005,7.87,3.0380000000000003
2001Q4,85.72,109.102,38.464,19.288,6.738,4.782,11.88,10.797,25.397000000000002,34.924,43.77,22.974,42.373,20.973,36.408,34.626,3.216,5.424,37.113,13.745000000000001,20.532,5.541,19.899,4.662,37.861000000000004,59.518,21.955000000000002,12.733,4.001,5.22,16.207,8.676,15.532,17.52,37.494,49.803000000000004,24.186,6.021,19.596,33.261,1.2630000000000001,8.347,13.844,9.394,2.165,4.8420000000000005,5.135,3.255,286.508,253.243,24.313,8.953,101.238,115.902,1.555,58.316,63.437000000000005,35.9,29.648,8.149000000000001,16.466,15.693,7.488,25.534,8.397,1.145,8.886000000000001,15.433,21.077,7.2700000000000005,7.87,3.0380000000000003
2002Q1,77.526,83.735,43.785000000000004,19.747,4.5760000000000005,5.168,10.672,11.578,22.973,30.373,43.577,20.277,37.642,21.248,36.488,25.830000000000002,3.809,4.726,35.754,15.928,19.209,3.45,19.48,4.977,40.831,40.141,25.197,15.673,3.982,5.542,15.581,7.914000000000001,11.908,17.772000000000002,22.361,48.205,22.548000000000002,7.273000000000001,18.384,27.819,2.271,8.335,14.200000000000001,8.974,1.445,5.218,5.611,2.367,304.992,269.515,25.964000000000002,9.513,117.101,125.946,1.528,63.545,56.49,32.487,32.324,6.817,14.928,15.598,8.358,26.127,4.9030000000000005,1.282,9.452,15.887,23.473,7.5920000000000005,7.6610000000000005,2.998
2002Q2,77.526,83.735,43.785000000000004,19.747,4.5760000000000005,5.168,10.672,11.578,22.973,30.373,43.577,20.277,37.642,21.248,36.488,25.830000000000002,3.809,4.726,35.754,15.928,19.209,3.45,19.48,4.977,40.831,40.141,25.197,15.673,3.982,5.542,15.581,7.914000000000001,11.908,17.772000000000002,22.361,48.205,22.548000000000002,7.273000000000001,18.384,27.819,2.271,8.335,14.200000000000001,8.974,1.445,5.218,5.611,2.367,304.992,269.515,25.964000000000002,9.513,117.101,125.946,1.528,63.545,56.49,32.487,32.324,6.817,14.928,15.598,8.358,26.127,4.9030000000000005,1.282,9.452,15.887,23.473,7.5920000000000005,7.6610000000000005,2.998
2002Q3,77.526,83.735,43.785000000000004,19.747,4.5760000000000005,5.168,10.672,11.578,22.973,30.373,43.577,20.277,37.642,21.248,36.488,25.830000000000002,3.809,4.726,35.754,15.928,19.209,3.45,19.48,4.977,40.831,40.141,25.197,15.673,3.982,5.542,15.581,7.914000000000001,11.908,17.772000000000002,22.361,48.205,22.548000000000002,7.273000000000001,18.384,27.819,2.271,8.335,14.200000000000001,8.974,1.445,5.218,5.611,2.367,304.992,269.515,25.964000000000002,9.513,117.101,125.946,1.528,63.545,56.49,32.487,32.324,6.817,14.928,15.598,8.358,26.127,4.9030000000000005,1.282,9.452,15.887,23.473,7.5920000000000005,7.6610000000000005,2.998
2002Q4,77.526,83.735,43.785000000000004,19.747,4.5760000000000005,5.168,10.672,11.578,22.973,30.373,43.577,20.277,37.642,21.248,36.488,25.830000000000002,3.809,4.726,35.754,15.928,19.209,3.45,19.48,4.977,40.831,40.141,25.197,15.673,3.982,5.542,15.581,7.914000000000001,11.908,17.772000000000002,22.361,48.205,22.548000000000002,7.273000000000001,18.384,27.819,2.271,8.335,14.200000000000001,8.974,1.445,5.218,5.611,2.367,304.992,269.515,25.964000000000002,9.513,117.101,125.946,1.528,63.545,56.49,32.487,32.324,6.817,14.928,15.598,8.358,26.127,4.9030000000000005,1.282,9.452,15.887,23.473,7.5920000000000005,7.6610000000000005,2.998
2003Q1,77.64,82.21300000000001,48.458,18.817,5.227,8.028,11.805,10.273,22.743000000000002,28.787,46.893,20.482,41.617,20.818,30.12,19.089,4.222,4.375,36.49,17.445,20.503,4.439,20.379,5.212,46.345,34.637,27.257,17.146,3.281,6.83,15.4,8.369,12.345,15.942,20.991,45.968,24.086000000000002,7.426,14.456,36.208,2.074,8.559000000000001,14.341000000000001,9.338000000000001,1.105,5.338,5.103,2.72,350.668,315.099,26.991,8.579,138.171,138.197,1.7610000000000001,65.09100000000001,56.173,33.718,33.336,7.4510000000000005,15.546000000000001,16.328,8.370000000000001,28.215,4.494,1.3940000000000001,10.272,17.71,25.878,7.813,8.21,3.052
2003Q2,77.64,82.21300000000001,48.458,18.817,5.227,8.028,11.805,10.273,22.743000000000002,28.787,46.893,20.482,41.617,20.818,30.12,19.089,4.222,4.375,36.49,17.445,20.503,4.439,20.379,5.212,46.345,34.637,27.257,17.146,3.281,6.83,15.4,8.369,12.345,15.942,20.991,45.968,24.086000000000002,7.426,14.456,36.208,2.074,8.559000000000001,14.341000000000001,9.338000000000001,1.105,5.338,5.103,2.72,350.668,315.099,26.991,8.579,138.171,138.197,1.7610000000000001,65.09100000000001,56.173,33.718,33.336,7.4510000000000005,15.546000000000001,16.328,8.370000000000001,28.215,4.494,1.3940000000000001,10.272,17.71,25.878,7.813,8.21,3.052
2003Q3,77.64,82.21300000000001,48.458,18.817,5.227,8.028,11.805,10.273,22.743000000000002,28.787,46.893,20.482,41.617,20.818,30.12,19.089,4.222,4.375,36.49,17.445,20.503,4.439,20.379,5.212,46.345,34.637,27.257,17.146,3.281,6.83,15.4,8.369,12.345,15.942,20.991,45.968,24.086000000000002,7.426,14.456,36.208,2.074,8.559000000000001,14.341000000000001,9.338000000000001,1.105,5.338,5.103,2.72,350.668,315.099,26.991,8.579,138.171,138.197,1.7610000000000001,65.09100000000001,56.173,33.718,33.336,7.4510000000000005,15.546000000000001,16.328,8.370000000000001,28.215,4.494,1.3940000000000001,10.272,17.71,25.878,7.813,8.21,3.052
2003Q4,77.64,82.21300000000001,48.458,18.817,5.227,8.028,11.805,10.273,22.743000000000002,28.787,46.893,20.482,41.617,20.818,30.12,19.089,4.222,4.375,36.49,17.445,20.503,4.439,20.379,5.212,46.345,34.637,27.257,17.146,3.281,6.83,15.4,8.369,12.345,15.942,20.991,45.968,24.086000000000002,7.426,14.456,36.208,2.074,8.559000000000001,14.341000000000001,9.338000000000001,1.105,5.338,5.103,2.72,350.668,315.099,26.991,8.579,138.171,138.197,1.7610000000000001,65.09100000000001,56.173,33.718,33.336,7.4510000000000005,15.546000000000001,16.328,8.370000000000001,28.215,4.494,1.3940000000000001,10.272,17.71,25.878,7.813,8.21,3.052
2004Q1,81.748,84.932,52.605000000000004,20.551000000000002,5.18,8.337,12.571,4.933,23.219,28.477,49.646,22.895,54.007,28.603,31.5,22.327,4.829,4.901,38.545,19.736,24.365000000000002,5.465,21.849,6.251,50.147,37.422000000000004,29.57,18.174,2.825,8.571,18.828,8.232,12.074,18.387,22.911,41.746,19.603,6.675,15.468,43.59,3.568,8.153,13.604000000000001,10.119,1.039,5.713,5.485,3.2880000000000003,424.423,383.422,31.197,9.805,162.491,152.251,1.669,70.802,58.728,36.738,37.004,7.607,17.583000000000002,16.568,10.107000000000001,28.313,5.49,1.481,10.515,17.978,26.148,8.151,8.666,3.17
2004Q2,81.748,84.932,52.605000000000004,20.551000000000002,5.18,8.337,12.571,4.933,23.219,28.477,49.646,22.895,54.007,28.603,31.5,22.327,4.829,4.901,38.545,19.736,24.365000000000002,5.465,21.849,6.251,50.147,37.422000000000004,29.57,18.174,2.825,8.571,18.828,8.232,12.074,18.387,22.911,41.746,19.603,6.675,15.468,43.59,3.568,8.153,13.604000000000001,10.119,1.039,5.713,5.485,3.2880000000000003,424.423,383.422,31.197,9.805,162.491,152.251,1.669,70.802,58.728,36.738,37.004,7.607,17.583000000000002,16.568,10.107000000000001,28.313,5.49,1.481,10.515,17.978,26.148,8.151,8.666,3.17
2004Q3,81.748,84.932,52.605000000000004,20.551000000000002,5.18,8.337,12.571,4.933,23.219,28.477,49.646,22.895,54.007,28.603,31.5,22.327,4.829,4.901,38.545,19.736,24.365000000000002,5.465,21.849,6.251,50.147,37.422000000000004,29.57,18.174,2.825,8.571,18.828,8.232,12.074,18.387,22.911,41.746,19.603,6.675,15.468,43.59,3.568,8.153,13.604000000000001,10.119,1.039,5.713,5.485,3.2880000000000003,424.423,383.422,31.197,9.805,162.491,152.251,1.669,70.802,58.728,36.738,37.004,7.607,17.583000000000002,16.568,10.107000000000001,28.313,5.49,1.481,10.515,17.978,26.148,8.151,8.666,3.17
2004Q4,81.748,84.932,52.605000000000004,20.551000000000002,5.18,8.337,12.571,4.933,23.219,28.477,49.646,22.895,54.007,28.603,31.5,22.327,4.829,4.901,38.545,19.736,24.365000000000002,5.465,21.849,6.251,50.147,37.422000000000004,29.57,18.174,2.825,8.571,18.828,8.232,12.074,18.387,22.911,41.746,19.603,6.675,15.468,43.59,3.568,8.153,13.604000000000001,10.119,1.039,5.713,5.485,3.2880000000000003,424.423,383.422,31.197,9.805,162.491,152.251,1.669,70.802,58.728,36.738,37.004,7.607,17.583000000000002,16.568,10.107000000000001,28.313,5.49,1.481,10.515,17.978,26.148,8.151,8.666,3.17
2005Q1,81.632,86.509,61.213,21.652,4.868,8.489,14.421000000000001,5.812,26.087,30.576,57.302,25.402,63.132,34.798,37.028,21.695,4.755,6.9670000000000005,42.358000000000004,21.62,31.393,7.966,24.248,5.977,55.699,42.639,32.072,20.541,2.491,9.040000000000001,22.75,7.795,12.827,17.362000000000002,28.245,48.042,22.663,6.533,18.846,64.349,4.966,7.715,13.912,9.01,0.909,6.1690000000000005,5.854,3.125,492.086,440.44800000000004,38.923,12.716000000000001,185.232,167.744,1.537,75.105,65.809,37.719,40.08,8.06,18.798000000000002,17.017,11.766,31.594,5.957,1.668,10.712,18.944,30.505,8.72,8.393,3.273
2005Q2,81.632,86.509,61.213,21.652,4.868,8.489,14.421000000000001,5.812,26.087,30.576,57.302,25.402,63.132,34.798,37.028,21.695,4.755,6.9670000000000005,42.358000000000004,21.62,31.393,7.966,24.248,5.977,55.699,42.639,32.072,20.541,2.491,9.040000000000001,22.75,7.795,12.827,17.362000000000002,28.245,48.042,22.663,6.533,18.846,64.349,4.966,7.715,13.912,9.01,0.909,6.1690000000000005,5.854,3.125,492.086,440.44800000000004,38.923,12.716000000000001,185.232,167.744,1.537,75.105,65.809,37.719,40.08,8.06,18.798000000000002,17.017,11.766,31.594,5.957,1.668,10.712,18.944,30.505,8.72,8.393,3.273
2005Q3,81.632,86.509,61.213,21.652,4.868,8.489,14.421000000000001,5.812,26.087,30.576,57.302,25.402,63.132,34.798,37.028,21.695,4.755,6.9670000000000005,42.358000000000004,21.62,31.393,7.966,24.248,5.977,55.699,42.639,32.072,20.541,2.491,9.040000000000001,22.75,7.795,12.827,17.362000000000002,28.245,48.042,22.663,6.533,18.846,64.349,4.966,7.715,13.912,9.01,0.909,6.1690000000000005,5.854,3.125,492.086,440.44800000000004,38.923,12.716000000000001,185.232,167.744,1.537,75.105,65.809,37.719,40.08,8.06,18.798000000000002,17.017,11.766,31.594,5.957,1.668,10.712,18.944,30.505,8.72,8.393,3.273
2005Q4,81.632,86.509,61.213,21.652,4.868,8.489,14.421000000000001,5.812,26.087,30.576,57.302,25.402,63.132,34.798,37.028,21.695,4.755,6.9670000000000005,42.358000000000004,21.62,31.393,7.966,24.248,5.977,55.699,42.639,32.072,20.541,2.491,9.040000000000001,22.75,7.795,12.827,17.362000000000002,28.245,48.042,22.663,6.533,18.846,64.349,4.966,7.715,13.912,9.01,0.909,6.1690000000000005,5.854,3.125,492.086,440.44800000000004,38.923,12.716000000000001,185.232,167.744,1.537,75.105,65.809,37.719,40.08,8.06,18.798000000000002,17.017,11.766,31.594,5.957,1.668,10.712,18.944,30.505,8.72,8.393,3.273
2006Q1,89.671,95.953,63.953,22.937,4.236,8.809000000000001,17.265,7.441,27.581,33.413000000000004,62.813,30.045,69.72500000000001,38.424,41.622,20.824,4.465,8.393,43.709,20.596,36.655,12.337,25.166,5.976,59.419000000000004,52.147,36.035000000000004,24.665,3.306,8.064,29.219,7.442,14.49,16.262,31.966,55.776,26.231,7.359,22.187,87.917,8.005,7.74,14.601,11.192,0.889,7.694,5.817,3.991,477.38,422.176,44.017,11.187,170.231,178.45000000000002,2.065,76.96900000000001,73.301,39.275,44.771,8.422,18.808,17.433,12.594,33.836,6.446,1.885,10.994,20.06,31.11,8.643,8.127,3.257
2006Q2,89.671,95.953,63.953,22.937,4.236,8.809000000000001,17.265,7.441,27.581,33.413000000000004,62.813,30.045,69.72500000000001,38.424,41.622,20.824,4.465,8.393,43.709,20.596,36.655,12.337,25.166,5.976,59.419000000000004,52.147,36.035000000000004,24.665,3.306,8.064,29.219,7.442,14.49,16.262,31.966,55.776,26.231,7.359,22.187,87.917,8.005,7.74,14.601,11.192,0.889,7.694,5.817,3.991,477.38,422.176,44.017,11.187,170.231,178.45000000000002,2.065,76.96900000000001,73.301,39.275,44.771,8.422,18.808,17.433,12.594,33.836,6.446,1.885,10.994,20.06,31.11,8.643,8.127,3.257
2006Q3,89.671,95.953,63.953,22.937,4.236,8.809000000000001,17.265,7.441,27.581,33.413000000000004,62.813,30.045,69.72500000000001,38.424,41.622,20.824,4.465,8.393,43.709,20.596,36.655,12.337,25.166,5.976,59.419000000000004,52.147,36.035000000000004,24.665,3.306,8.064,29.219,7.442,14.49,16.262,31.966,55.776,26.231,7.359,22.187,87.917,8.005,7.74,14.601,11.192,0.889,7.694,5.817,3.991,477.38,422.176,44.017,11.187,170.231,178.45000000000002,2.065,76.96900000000001,73.301,39.275,44.771,8.422,18.808,17.433,12.594,33.836,6.446,1.885,10.994,20.06,31.11,8.643,8.127,3.257
2006Q4,89.671,95.953,63.953,22.937,4.236,8.809000000000001,17.265,7.441,27.581,33.413000000000004,62.813,30.045,69.72500000000001,38.424,41.622,20.824,4.465,8.393,43.709,20.596,36.655,12.337,25.166,5.976,59.419000000000004,52.147,36.035000000000004,24.665,3.306,8.064,29.219,7.442,14.49,16.262,31.966,55.776,26.231,7.359,22.187,87.917,8.005,7.74,14.601,11.192,0.889,7.694,5.817,3.991,477.38,422.176,44.017,11.187,170.231,178.45000000000002,2.065,76.96900000000001,73.301,39.275,44.771,8.422,18.808,17.433,12.594,33.836,6.446,1.885,10.994,20.06,31.11,8.643,8.127,3.257
2007Q1,92.424,106.156,72.312,26.044,6.534,4.406,19.778,11.392,28.46,34.844,63.808,32.69,62.910000000000004,29.834,42.918,27.616,5.955,9.102,41.865,21.155,35.567,17.273,26.46,5.249,60.589,61.119,40.055,27.613,3.46,8.983,34.751,8.046,16.909,19.338,39.601,81.346,41.203,12.655000000000001,27.488,94.639,7.354,7.522,17.149,12.233,1.0010000000000001,7.862,6.292,4.432,360.073,308.32800000000003,41.836,9.909,140.018,177.629,2.9,80.372,82.443,43.575,55.6,9.088000000000001,19.148,16.912,14.115,35.75,7.494,2.083,11.449,19.958000000000002,30.415,9.051,7.805000000000001,3.181
2007Q2,92.424,106.156,72.312,26.044,6.534,4.406,19.778,11.392,28.46,34.844,63.808,32.69,62.910000000000004,29.834,42.918,27.616,5.955,9.102,41.865,21.155,35.567,17.273,26.46,5.249,60.589,61.119,40.055,27.613,3.46,8.983,34.751,8.046,16.909,19.338,39.601,81.346,41.203,12.655000000000001,27.488,94.639,7.354,7.522,17.149,12.233,1.0010000000000001,7.862,6.292,4.432,360.073,308.32800000000003,41.836,9.909,140.018,177.629,2.9,80.372,82.443,43.575,55.6,9.088000000000001,19.148,16.912,14.115,35.75,7.494,2.083,11.449,19.958000000000002,30.415,9.051,7.805000000000001,3.181
2007Q3,92.424,106.156,72.312,26.044,6.534,4.406,19.778,11.392,28.46,34.844,63.808,32.69,62.910000000000004,29.834,42.918,27.616,5.955,9.102,41.865,21.155,35.567,17.273,26.46,5.249,60.589,61.119,40.055,27.613,3.46,8.983,34.751,8.046,16.909,19.338,39.601,81.346,41.203,12.655000000000001,27.488,94.639,7.354,7.522,17.149,12.233,1.0010000000000001,7.862,6.292,4.432,360.073,308.32800000000003,41.836,9.909,140.018,177.629,2.9,80.372,82.443,43.575,55.6,9.088000000000001,19.148,16.912,14.115,35.75,7.494,2.083,11.449,19.958000000000002,30.415,9.051,7.805000000000001,3.181
2007Q4,92.424,106.156,72.312,26.044,6.534,4.406,19.778,11.392,28.46,34.844,63.808,32.69,62.910000000000004,29.834,42.918,27.616,5.955,9.102,41.865,21.155,35.567,17.273,26.46,5.249,60.589,61.119,40.055,27.613,3.46,8.983,34.751,8.046,16.909,19.338,39.601,81.346,41.203,12.655000000000001,27.488,94.639,7.354,7.522,17.149,12.233,1.0010000000000001,7.862,6.292,4.432,360.073,308.32800000000003,41.836,9.909,140.018,177.629,2.9,80.372,82.443,43.575,55.6,9.088000000000001,19.148,16.912,14.115,35.75,7.494,2.083,11.449,19.958000000000002,30.415,9.051,7.805000000000001,3.181
2008Q1,90.638,100.08,73.22500000000001,26.593,7.378,5.046,22.292,12.531,29.008,32.875,62.684000000000005,31.833000000000002,36.537,24.845,30.421,30.372,7.44,9.368,41.204,24.663,38.362,19.031,25.441,5.501,59.334,63.029,43.262,28.781000000000002,4.08,10.401,31.964000000000002,8.029,16.708000000000002,17.315,52.335,94.621,51.835,16.443,26.343,113.09400000000001,7.011,7.197,18.25,12.611,0.918,8.868,8.406,3.966,233.859,186.469,39.047000000000004,8.343,105.33,163.44400000000002,3.791,86.94,91.127,45.766,58.045,11.254,22.731,13.798,13.884,33.914,9.606,2.236,13.356,17.35,28.899,9.06,7.663,3.361
2008Q2,90.638,100.08,73.22500000000001,26.593,7.378,5.046,22.292,12.531,29.008,32.875,62.684000000000005,31.833000000000002,36.537,24.845,30.421,30.372,7.44,9.368,41.204,24.663,38.362,19.031,25.441,5.501,59.334,63.029,43.262,28.781000000000002,4.08,10.401,31.964000000000002,8.029,16.708000000000002,17.315,52.335,94.621,51.835,16.443,26.343,113.09400000000001,7.011,7.197,18.25,12.611,0.918,8.868,8.406,3.966,233.859,186.469,39.047000000000004,8.343,105.33,163.44400000000002,3.791,86.94,91.127,45.766,58.045,11.254,22.731,13.798,13.884,33.914,9.606,2.236,13.356,17.35,28.899,9.06,7.663,3.361
2008Q3,90.638,100.08,73.22500000000001,26.593,7.378,5.046,22.292,12.531,29.008,32.875,62.684000000000005,31.833000000000002,36.537,24.845,30.421,30.372,7.44,9.368,41.204,24.663,38.362,19.031,25.441,5.501,59.334,63.029,43.262,28.781000000000002,4.08,10.401,31.964000000000002,8.029,16.708000000000002,17.315,52.335,94.621,51.835,16.443,26.343,113.09400000000001,7.011,7.197,18.25,12.611,0.918,8.868,8.406,3.966,233.859,186.469,39.047000000000004,8.343,105.33,163.44400000000002,3.791,86.94,91.127,45.766,58.045,11.254,22.731,13.798,13.884,33.914,9.606,2.236,13.356,17.35,28.899,9.06,7.663,3.361
2008Q4,90.638,100.08,73.22500000000001,26.593,7.378,5.046,22.292,12.531,29.008,32.875,62.684000000000005,31.833000000000002,36.537,24.845,30.421,30.372,7.44,9.368,41.204,24.663,38.362,19.031,25.441,5.501,59.334,63.029,43.262,28.781000000000002,4.08,10.401,31.964000000000002,8.029,16.708000000000002,17.315,52.335,94.621,51.835,16.443,26.343,113.09400000000001,7.011,7.197,18.25,12.611,0.918,8.868,8.406,3.966,233.859,186.469,39.047000000000004,8.343,105.33,163.44400000000002,3.791,86.94,91.127,45.766,58.045,11.254,22.731,13.798,13.884,33.914,9.606,2.236,13.356,17.35,28.899,9.06,7.663,3.361
2009Q1,85.544,85.778,68.34400000000001,22.287,6.0840000000000005,4.122,16.921,10.698,21.077,25.522000000000002,51.119,25.86,2.201,19.13,11.039,19.796,6.803,6.269,31.388,25.455000000000002,21.798000000000002,16.6,23.919,4.352,51.091,42.126,39.741,27.827,3.439,8.476,18.391000000000002,4.868,9.73,10.439,56.158,92.762,57.379,15.67,19.713,73.244,5.706,6.1770000000000005,17.472,10.083,0.577,8.34,6.926,2.503,135.427,106.73100000000001,23.772000000000002,4.923,92.047,151.237,2.496,88.677,90.865,46.503,52.558,9.872,21.355,12.126,14.614,38.32,9.646,2.47,14.866,15.334,29.171,8.61,7.431,3.208
2009Q2,85.544,85.778,68.34400000000001,22.287,6.0840000000000005,4.122,16.921,10.698,21.077,25.522000000000002,51.119,25.86,2.201,19.13,11.039,19.796,6.803,6.269,31.388,25.455000000000002,21.798000000000002,16.6,23.919,4.352,51.091,42.126,39.741,27.827,3.439,8.476,18.391000000000002,4.868,9.73,10.439,56.158,92.762,57.379,15.67,19.713,73.244,5.706,6.1770000000000005,17.472,10.083,0.577,8.34,6.926,2.503,135.427,106.73100000000001,23.772000000000002,4.923,92.047,151.237,2.496,88.677,90.865,46.503,52.558,9.872,21.355,12.126,14.614,38.32,9.646,2.47,14.866,15.334,29.171,8.61,7.431,3.208
2009Q3,85.544,85.778,68.34400000000001,22.287,6.0840000000000005,4.122,16.921,10.698,21.077,25.522000000000002,51.119,25.86,2.201,19.13,11.039,19.796,6.803,6.269,31.388,25.455000000000002,21.798000000000002,16.6,23.919,4.352,51.091,42.126,39.741,27.827,3.439,8.476,18.391000000000002,4.868,9.73,10.439,56.158,92.762,57.379,15.67,19.713,73.244,5.706,6.1770000000000005,17.472,10.083,0.577,8.34,6.926,2.503,135.427,106.73100000000001,23.772000000000002,4.923,92.047,151.237,2.496,88.677,90.865,46.503,52.558,9.872,21.355,12.126,14.614,38.32,9.646,2.47,14.866,15.334,29.171,8.61,7.431,3.208
2009Q4,85.544,85.778,68.34400000000001,22.287,6.0840000000000005,4.122,16.921,10.698,21.077,25.522000000000002,51.119,25.86,2.201,19.13,11.039,19.796,6.803,6.269,31.388,25.455000000000002,21.798000000000002,16.6,23.919,4.352,51.091,42.126,39.741,27.827,3.439,8.476,18.391000000000002,4.868,9.73,10.439,56.158,92.762,57.379,15.67,19.713,73.244,5.706,6.1770000000000005,17.472,10.083,0.577,8.34,6.926,2.503,135.427,106.73100000000001,23.772000000000002,4.923,92.047,151.237,2.496,88.677,90.865,46.503,52.558,9.872,21.355,12.126,14.614,38.32,9.646,2.47,14.866,15.334,29.171,8.61,7.431,3.208
2010Q1,95.551,99.883,71.83500000000001,25.226,7.053,3.8810000000000002,15.562000000000001,7.640000000000001,20.87,25.668,54.501,28.362000000000002,30.519000000000002,24.852,31.843,29.117,6.155,6.026,31.461000000000002,23.759,39.872,19.459,26.729,4.99,52.43,27.298000000000002,33.263,24.231,3.093,5.938,12.486,4.605,5.6610000000000005,7.33,39.68,82.614,47.779,17.145,17.69,86.407,6.819,5.237,14.163,7.78,0.396,9.362,6.378,2.468,128.091,111.014,12.175,4.902,89.755,147.913,1.6540000000000001,80.262,100.366,45.755,57.313,10.367,23.418,11.954,11.004,38.283,8.414,2.68,16.076,18.128,31.755,9.823,6.982,2.672
2010Q2,95.551,99.883,71.83500000000001,25.226,7.053,3.8810000000000002,15.562000000000001,7.640000000000001,20.87,25.668,54.501,28.362000000000002,30.519000000000002,24.852,31.843,29.117,6.155,6.026,31.461000000000002,23.759,39.872,19.459,26.729,4.99,52.43,27.298000000000002,33.263,24.231,3.093,5.938,12.486,4.605,5.6610000000000005,7.33,39.68,82.614,47.779,17.145,17.69,86.407,6.819,5.237,14.163,7.78,0.396,9.362,6.378,2.468,128.091,111.014,12.175,4.902,89.755,147.913,1.6540000000000001,80.262,100.366,45.755,57.313,10.367,23.418,11.954,11.004,38.283,8.414,2.68,16.076,18.128,31.755,9.823,6.982,2.672
2010Q3,95.551,99.883,71.83500000000001,25.226,7.053,3.8810000000000002,15.562000000000001,7.640000000000001,20.87,25.668,54.501,28.362000000000002,30.519000000000002,24.852,31.843,29.117,6.155,6.026,31.461000000000002,23.759,39.872,19.459,26.729,4.99,52.43,27.298000000000002,33.263,24.231,3.093,5.938,12.486,4.605,5.6610000000000005,7.33,39.68,82.614,47.779,17.145,17.69,86.407,6.819,5.237,14.163,7.78,0.396,9.362,6.378,2.468,128.091,111.014,12.175,4.902,89.755,147.913,1.6540000000000001,80.262,100.366,45.755,57.313,10.367,23.418,11.954,11.004,38.283,8.414,2.68,16.076,18.128,31.755,9.823,6.982,2.672
2010Q4,95.551,99.883,71.83500000000001,25.226,7.053,3.8810000000000002,15.562000000000001,7.640000000000001,20.87,25.668,54.501,28.362000000000002,30.519000000000002,24.852,31.843,29.117,6.155,6.026,31.461000000000002,23.759,39.872,19.459,26.729,4.99,52.43,27.298000000000002,33.263,24.231,3.093,5.938,12.486,4.605,5.6610000000000005,7.33,39.68,82.614,47.779,17.145,17.69,86.407,6.819,5.237,14.163,7.78,0.396,9.362,6.378,2.468,128.091,111.014,12.175,4.902,89.755,147.913,1.6540000000000001,80.262,100.366,45.755,57.313,10.367,23.418,11.954,11.004,38.283,8.414,2.68,16.076,18.128,31.755,9.823,6.982,2.672
2011Q1,91.405,103.575,74.693,27.36,8.167,3.871,17.89,11.834,27.353,36.06,63.58,31.605,52.11,34.047000000000004,38.525,32.991,5.899,8.532,35.093,26.455000000000002,40.482,25.761,28.749000000000002,5.168,56.275,26.653000000000002,32.536,23.054000000000002,3.371,6.111,13.361,5.268,6.543,7.694,39.078,81.623,50.116,13.971,17.537,113.261,11.221,4.205,14.188,8.093,0.605,8.818,5.87,2.097,126.398,108.395,13.156,4.846,89.092,151.423,2.165,91.666,110.391,47.699,53.674,10.655,26.176000000000002,13.914,9.269,44.186,9.165000000000001,2.984,16.861,17.161,33.573,9.495000000000001,6.001,2.868
2011Q2,91.405,103.575,74.693,27.36,8.167,3.871,17.89,11.834,27.353,36.06,63.58,31.605,52.11,34.047000000000004,38.525,32.991,5.899,8.532,35.093,26.455000000000002,40.482,25.761,28.749000000000002,5.168,56.275,26.653000000000002,32.536,23.054000000000002,3.371,6.111,13.361,5.268,6.543,7.694,39.078,81.623,50.116,13.971,17.537,113.261,11.221,4.205,14.188,8.093,0.605,8.818,5.87,2.097,126.398,108.395,13.156,4.846,89.092,151.423,2.165,91.666,110.391,47.699,53.674,10.655,26.176000000000002,13.914,9.269,44.186,9.165000000000001,2.984,16.861,17.161,33.573,9.495000000000001,6.001,2.868
2011Q3,91.405,103.575,74.693,27.36,8.167,3.871,17.89,11.834,27.353,36.06,63.58,31.605,52.11,34.047000000000004,38.525,32.991,5.899,8.532,35.093,26.455000000000002,40.482,25.761,28.749000000000002,5.168,56.275,26.653000000000002,32.536,23.054000000000002,3.371,6.111,13.361,5.268,6.543,7.694,39.078,81.623,50.116,13.971,17.537,113.261,11.221,4.205,14.188,8.093,0.605,8.818,5.87,2.097,126.398,108.395,13.156,4.846,89.092,151.423,2.165,91.666,110.391,47.699,53.674,10.655,26.176000000000002,13.914,9.269,44.186,9.165000000000001,2.984,16.861,17.161,33.573,9.495000000000001,6.001,2.868
2011Q4,91.405,103.575,74.693,27.36,8.167,3.871,17.89,11.834,27.353,36.06,63.58,31.605,52.11,34.047000000000004,38.525,32.991,5.899,8.532,35.093,26.455000000000002,40.482,25.761,28.749000000000002,5.168,56.275,26.653000000000002,32.536,23.054000000000002,3.371,6.111,13.361,5.268,6.543,7.694,39.078,81.623,50.116,13.971,17.537,113.261,11.221,4.205,14.188,8.093,0.605,8.818,5.87,2.097,126.398,108.395,13.156,4.846,89.092,151.423,2.165,91.666,110.391,47.699,53.674,10.655,26.176000000000002,13.914,9.269,44.186,9.165000000000001,2.984,16.861,17.161,33.573,9.495000000000001,6.001,2.868
2012Q1,98.706,104.778,79.199,31.641000000000002,8.014,4.008,20.363,16.414,32.365,34.685,70.33,33.331,60.112,39.855000000000004,51.621,34.431,6.455,12.711,37.302,35.225,44.068,35.199,30.511,6.267,52.374,30.944,35.375,23.888,4.267,7.22,14.903,5.845,7.047,8.377,46.268,99.694,66.306,17.435,15.953000000000001,141.707,11.011000000000001,3.818,16.26,7.461,1.073,9.69,7.748,1.604,158.421,132.825,20.322,5.274,103.836,156.32,2.902,102.733,119.071,50.256,56.184000000000005,10.143,29.644000000000002,16.424,8.812,46.236000000000004,9.145,3.263,18.322,15.592,36.633,9.22,5.732,3.004
2012Q2,98.706,104.778,79.199,31.641000000000002,8.014,4.008,20.363,16.414,32.365,34.685,70.33,33.331,60.112,39.855000000000004,51.621,34.431,6.455,12.711,37.302,35.225,44.068,35.199,30.511,6.267,52.374,30.944,35.375,23.888,4.267,7.22,14.903,5.845,7.047,8.377,46.268,99.694,66.306,17.435,15.953000000000001,141.707,11.011000000000001,3.818,16.26,7.461,1.073,9.69,7.748,1.604,158.421,132.825,20.322,5.274,103.836,156.32,2.902,102.733,119.071,50.256,56.184000000000005,10.143,29.644000000000002,16.424,8.812,46.236000000000004,9.145,3.263,18.322,15.592,36.633,9.22,5.732,3.004
2012Q3,98.706,104.778,79.199,31.641000000000002,8.014,4.008,20.363,16.414,32.365,34.685,70.33,33.331,60.112,39.855000000000004,51.621,34.431,6.455,12.711,37.302,35.225,44.068,35.199,30.511,6.267,52.374,30.944,35.375,23.888,4.267,7.22,14.903,5.845,7.047,8.377,46.268,99.694,66.306,17.435,15.953000000000001,141.707,11.011000000000001,3.818,16.26,7.461,1.073,9.69,7.748,1.604,158.421,132.825,20.322,5.274,103.836,156.32,2.902,102.733,119.071,50.256,56.184000000000005,10.143,29.644000000000002,16.424,8.812,46.236000000000004,9.145,3.263,18.322,15.592,36.633,9.22,5.732,3.004
2012Q4,98.706,104.778,79.199,31.641000000000002,8.014,4.008,20.363,16.414,32.365,34.685,70.33,33.331,60.112,39.855000000000004,51.621,34.431,6.455,12.711,37.302,35.225,44.068,35.199,30.511,6.267,52.374,30.944,35.375,23.888,4.267,7.22,14.903,5.845,7.047,8.377,46.268,99.694,66.306,17.435,15.953000000000001,141.707,11.011000000000001,3.818,16.26,7.461,1.073,9.69,7.748,1.604,158.421,132.825,20.322,5.274,103.836,156.32,2.902,102.733,119.071,50.256,56.184000000000005,10.143,29.644000000000002,16.424,8.812,46.236000000000004,9.145,3.263,18.322,15.592,36.633,9.22,5.732,3.004
2013Q1,97.527,113.84,85.312,32.061,7.589,4.401,20.242,13.858,31.935000000000002,35.993,73.04,36.125,74.092,39.662,54.778,37.704,7.987,14.678,37.582,44.95,40.929,35.746,29.057000000000002,7.464,58.026,34.096000000000004,33.425,21.61,3.919,7.896,16.685,6.594,8.766,9.198,49.755,97.96000000000001,53.474000000000004,26.867,17.62,140.618,11.653,3.564,15.515,8.3,1.041,9.881,9.476,1.471,208.75,173.101,29.734,5.915,124.4,162.799,3.924,110.401,123.081,52.071,60.583,10.573,33.108000000000004,17.598,11.979000000000001,49.472,7.539000000000001,3.984,18.623,15.813,37.023,9.123,5.382,2.977
2013Q2,97.527,113.84,85.312,32.061,7.589,4.401,20.242,13.858,31.935000000000002,35.993,73.04,36.125,74.092,39.662,54.778,37.704,7.987,14.678,37.582,44.95,40.929,35.746,29.057000000000002,7.464,58.026,34.096000000000004,33.425,21.61,3.919,7.896,16.685,6.594,8.766,9.198,49.755,97.96000000000001,53.474000000000004,26.867,17.62,140.618,11.653,3.564,15.515,8.3,1.041,9.881,9.476,1.471,208.75,173.101,29.734,5.915,124.4,162.799,3.924,110.401,123.081,52.071,60.583,10.573,33.108000000000004,17.598,11.979000000000001,49.472,7.539000000000001,3.984,18.623,15.813,37.023,9.123,5.382,2.977
2013Q3,97.527,113.84,85.312,32.061,7.589,4.401,20.242,13.858,31.935000000000002,35.993,73.04,36.125,74.092,39.662,54.778,37.704,7.987,14.678,37.582,44.95,40.929,35.746,29.057000000000002,7.464,58.026,34.096000000000004,33.425,21.61,3.919,7.896,16.685,6.594,8.766,9.198,49.755,97.96000000000001,53.474000000000004,26.867,17.62,140.618,11.653,3.564,15.515,8.3,1.041,9.881,9.476,1.471,208.75,173.101,29.734,5.915,124.4,162.799,3.924,110.401,123.081,52.071,60.583,10.573,33.108000000000004,17.598,11.979000000000001,49.472,7.539000000000001,3.984,18.623,15.813,37.023,9.123,5.382,2.977
2013Q4,97.527,113.84,85.312,32.061,7.589,4.401,20.242,13.858,31.935000000000002,35.993,73.04,36.125,74.092,39.662,54.778,37.704,7.987,14.678,37.582,44.95,40.929,35.746,29.057000000000002,7.464,58.026,34.096000000000004,33.425,21.61,3.919,7.896,16.685,6.594,8.766,9.198,49.755,97.96000000000001,53.474000000000004,26.867,17.62,140.618,11.653,3.564,15.515,8.3,1.041,9.881,9.476,1.471,208.75,173.101,29.734,5.915,124.4,162.799,3.924,110.401,123.081,52.071,60.583,10.573,33.108000000000004,17.598,11.979000000000001,49.472,7.539000000000001,3.984,18.623,15.813,37.023,9.123,5.382,2.977
2014Q1,97.361,118.744,85.032,35.142,7.503,5.128,21.873,13.079,33.445,40.169000000000004,77.56,37.027,88.004,45.479,52.908,43.772,8.01,18.703,39.838,46.091,48.031,40.227000000000004,31.564,7.381,63.88,44.165,32.512,19.899,4.546,8.067,19.542,7.23,13.698,9.351,58.518,116.58,71.238,28.236,17.106,169.62,10.731,3.379,15.67,9.263,1.116,10.935,11.005,1.62,243.846,196.499,40.938,6.41,125.69200000000001,178.264,3.559,117.69200000000001,130.264,55.629,66.129,11.61,34.551,19.361,12.227,49.755,7.224,4.4110000000000005,17.824,16.149,39.354,9.216000000000001,5.652,3.028
2014Q2,97.361,118.744,85.032,35.142,7.503,5.128,21.873,13.079,33.445,40.169000000000004,77.56,37.027,88.004,45.479,52.908,43.772,8.01,18.703,39.838,46.091,48.031,40.227000000000004,31.564,7.381,63.88,44.165,32.512,19.899,4.546,8.067,19.542,7.23,13.698,9.351,58.518,116.58,71.238,28.236,17.106,169.62,10.731,3.379,15.67,9.263,1.116,10.935,11.005,1.62,243.846,196.499,40.938,6.41,125.69200000000001,178.264,3.559,117.69200000000001,130.264,55.629,66.129,11.61,34.551,19.361,12.227,49.755,7.224,4.4110000000000005,17.824,16.149,39.354,9.216000000000001,5.652,3.028
2014Q3,97.361,118.744,85.032,35.142,7.503,5.128,21.873,13.079,33.445,40.169000000000004,77.56,37.027,88.004,45.479,52.908,43.772,8.01,18.703,39.838,46.091,48.031,40.227000000000004,31.564,7.381,63.88,44.165,32.512,19.899,4.546,8.067,19.542,7.23,13.698,9.351,58.518,116.58,71.238,28.236,17.106,169.62,10.731,3.379,15.67,9.263,1.116,10.935,11.005,1.62,243.846,196.499,40.938,6.41,125.69200000000001,178.264,3.559,117.69200000000001,130.264,55.629,66.129,11.61,34.551,19.361,12.227,49.755,7.224,4.4110000000000005,17.824,16.149,39.354,9.216000000000001,5.652,3.028
2014Q4,97.361,118.744,85.032,35.142,7.503,5.128,21.873,13.079,33.445,40.169000000000004,77.56,37.027,88.004,45.479,52.908,43.772,8.01,18.703,39.838,46.091,48.031,40.227000000000004,31.564,7.381,63.88,44.165,32.512,19.899,4.546,8.067,19.542,7.23,13.698,9.351,58.518,116.58,71.238,28.236,17.106,169.62,10.731,3.379,15.67,9.263,1.116,10.935,11.005,1.62,243.846,196.499,40.938,6.41,125.69200000000001,178.264,3.559,117.69200000000001,130.264,55.629,66.129,11.61,34.551,19.361,12.227,49.755,7.224,4.4110000000000005,17.824,16.149,39.354,9.216000000000001,5.652,3.028
2015Q1,96.775,125.81700000000001,89.584,34.706,7.492,5.452,21.781,13.503,33.742,38.716,80.544,36.169000000000004,108.259,51.755,55.151,45.227000000000004,8.59,20.322,42.911,35.101,41.95,28.841,32.563,7.808,67.24,54.458,34.824,22.133,4.749,7.942,20.035,7.273000000000001,16.85,11.107000000000001,80.82300000000001,120.678,74.792,24.38,21.506,118.5,10.124,3.588,16.677,12.039,1.151,12.302,9.28,1.874,286.237,224.834,54.135,7.268,139.929,196.899,3.931,126.904,130.372,58.877,70.309,11.971,33.042,20.022000000000002,13.607000000000001,50.658,9.218,4.987,17.637,16.725,42.027,9.366,6.101,3.061
2015Q2,96.775,125.81700000000001,89.584,34.706,7.492,5.452,21.781,13.503,33.742,38.716,80.544,36.169000000000004,108.259,51.755,55.151,45.227000000000004,8.59,20.322,42.911,35.101,41.95,28.841,32.563,7.808,67.24,54.458,34.824,22.133,4.749,7.942,20.035,7.273000000000001,16.85,11.107000000000001,80.82300000000001,120.678,74.792,24.38,21.506,118.5,10.124,3.588,16.677,12.039,1.151,12.302,9.28,1.874,286.237,224.834,54.135,7.268,139.929,196.899,3.931,126.904,130.372,58.877,70.309,11.971,33.042,20.022000000000002,13.607000000000001,50.658,9.218,4.987,17.637,16.725,42.027,9.366,6.101,3.061
2015Q3,96.775,125.81700000000001,89.584,34.706,7.492,5.452,21.781,13.503,33.742,38.716,80.544,36.169000000000004,108.259,51.755,55.151,45.227000000000004,8.59,20.322,42.911,35.101,41.95,28.841,32.563,7.808,67.24,54.458,34.824,22.133,4.749,7.942,20.035,7.273000000000001,16.85,11.107000000000001,80.82300000000001,120.678,74.792,24.38,21.506,118.5,10.124,3.588,16.677,12.039,1.151,12.302,9.28,1.874,286.237,224.834,54.135,7.268,139.929,196.899,3.931,126.904,130.372,58.877,70.309,11.971,33.042,20.022000000000002,13.607000000000001,50.658,9.218,4.987,17.637,16.725,42.027,9.366,6.101,3.061
2015Q4,96.775,125.81700000000001,89.584,34.706,7.492,5.452,21.781,13.503,33.742,38.716,80.544,36.169000000000004,108.259,51.755,55.151,45.227000000000004,8.59,20.322,42.911,35.101,41.95,28.841,32.563,7.808,67.24,54.458,34.824,22.133,4.749,7.942,20.035,7.273000000000001,16.85,11.107000000000001,80.82300000000001,120.678,74.792,24.38,21.506,118.5,10.124,3.588,16.677,12.039,1.151,12.302,9.28,1.874,286.237,224.834,54.135,7.268,139.929,196.899,3.931,126.904,130.372,58.877,70.309,11.971,33.042,20.022000000000002,13.607000000000001,50.658,9.218,4.987,17.637,16.725,42.027,9.366,6.101,3.061
2016Q1,95.02,129.427,91.645,34.379,8.18,5.085,20.283,12.13,31.408,40.294000000000004,80.681,37.822,124.142,40.788000000000004,42.071,40.816,6.597,16.907,44.25,27.612000000000002,41.492,21.686,33.322,7.796,67.388,68.089,35.743,22.256,4.455,9.032,22.403,8.252,22.634,14.153,77.851,122.646,80.252,20.38,22.015,63.567,5.957,3.751,18.85,15.106,2.174,10.789,8.303,1.1440000000000001,322.081,248.296,65.169,8.617,151.06900000000002,217.433,4.604,140.954,143.992,62.806000000000004,73.191,10.566,34.078,22.948,16.178,52.868,8.376,5.418,17.82,17.268,45.342,9.55,6.498,3.2720000000000002
2016Q2,95.02,129.427,91.645,34.379,8.18,5.085,20.283,12.13,31.408,40.294000000000004,80.681,37.822,124.142,40.788000000000004,42.071,40.816,6.597,16.907,44.25,27.612000000000002,41.492,21.686,33.322,7.796,67.388,68.089,35.743,22.256,4.455,9.032,22.403,8.252,22.634,14.153,77.851,122.646,80.252,20.38,22.015,63.567,5.957,3.751,18.85,15.106,2.174,10.789,8.303,1.1440000000000001,322.081,248.296,65.169,8.617,151.06900000000002,217.433,4.604,140.954,143.992,62.806000000000004,73.191,10.566,34.078,22.948,16.178,52.868,8.376,5.418,17.82,17.268,45.342,9.55,6.498,3.2720000000000002
2016Q3,95.02,129.427,91.645,34.379,8.18,5.085,20.283,12.13,31.408,40.294000000000004,80.681,37.822,124.142,40.788000000000004,42.071,40.816,6.597,16.907,44.25,27.612000000000002,41.492,21.686,33.322,7.796,67.388,68.089,35.743,22.256,4.455,9.032,22.403,8.252,22.634,14.153,77.851,122.646,80.252,20.38,22.015,63.567,5.957,3.751,18.85,15.106,2.174,10.789,8.303,1.1440000000000001,322.081,248.296,65.169,8.617,151.06900000000002,217.433,4.604,140.954,143.992,62.806000000000004,73.191,10.566,34.078,22.948,16.178,52.868,8.376,5.418,17.82,17.268,45.342,9.55,6.498,3.2720000000000002
2016Q4,95.02,129.427,91.645,34.379,8.18,5.085,20.283,12.13,31.408,40.294000000000004,80.681,37.822,124.142,40.788000000000004,42.071,40.816,6.597,16.907,44.25,27.612000000000002,41.492,21.686,33.322,7.796,67.388,68.089,35.743,22.256,4.455,9.032,22.403,8.252,22.634,14.153,77.851,122.646,80.252,20.38,22.015,63.567,5.957,3.751,18.85,15.106,2.174,10.789,8.303,1.1440000000000001,322.081,248.296,65.169,8.617,151.06900000000002,217.433,4.604,140.954,143.992,62.806000000000004,73.191,10.566,34.078,22.948,16.178,52.868,8.376,5.418,17.82,17.268,45.342,9.55,6.498,3.2720000000000002
2017Q1,101.08500000000001,138.75,98.021,34.336,8.336,4.652,20.286,11.290000000000001,33.955,42.818,88.227,40.495,123.023,43.261,28.22,56.804,7.392,12.436,45.711,27.12,43.881,26.534,31.592000000000002,7.863,68.394,68.21900000000001,37.725,22.748,4.59,10.388,24.047,8.155,29.053,13.606,69.427,111.185,62.975,24.638,23.572,90.142,7.23,3.585,20.557000000000002,17.422,3.755,10.912,9.877,1.049,355.51300000000003,277.971,67.56700000000001,9.974,160.311,237.344,4.5280000000000005,157.80100000000002,159.361,65.565,75.282,10.912,33.652,24.958000000000002,15.219000000000001,56.512,10.794,5.766,18.449,17.759,47.702,9.751,7.051,3.5620000000000003
2017Q2,101.08500000000001,138.75,98.021,34.336,8.336,4.652,20.286,11.290000000000001,33.955,42.818,88.227,40.495,123.023,43.261,28.22,56.804,7.392,12.436,45.711,27.12,43.881,26.534,31.592000000000002,7.863,68.394,68.21900000000001,37.725,22.748,4.59,10.388,24.047,8.155,29.053,13.606,69.427,111.185,62.975,24.638,23.572,90.142,7.23,3.585,20.557000000000002,17.422,3.755,10.912,9.877,1.049,355.51300000000003,277.971,67.56700000000001,9.974,160.311,237.344,4.5280000000000005,157.80100000000002,159.361,65.565,75.282,10.912,33.652,24.958000000000002,15.219000000000001,56.512,10.794,5.766,18.449,17.759,47.702,9.751,7.051,3.5620000000000003
2017Q3,101.08500000000001,138.75,98.021,34.336,8.336,4.652,20.286,11.290000000000001,33.955,42.818,88.227,40.495,123.023,43.261,28.22,56.804,7.392,12.436,45.711,27.12,43.881,26.534,31.592000000000002,7.863,68.394,68.21900000000001,37.725,22.748,4.59,10.388,24.047,8.155,29.053,13.606,69.427,111.185,62.975,24.638,23.572,90.142,7.23,3.585,20.557000000000002,17.422,3.755,10.912,9.877,1.049,355.51300000000003,277.971,67.56700000000001,9.974,160.311,237.344,4.5280000000000005,157.80100000000002,159.361,65.565,75.282,10.912,33.652,24.958000000000002,15.219000000000001,56.512,10.794,5.766,18.449,17.759,47.702,9.751,7.051,3.5620000000000003
2017Q4,101.08500000000001,138.75,98.021,34.336,8.336,4.652,20.286,11.290000000000001,33.955,42.818,88.227,40.495,123.023,43.261,28.22,56.804,7.392,12.436,45.711,27.12,43.881,26.534,31.592000000000002,7.863,68.394,68.21900000000001,37.725,22.748,4.59,10.388,24.047,8.155,29.053,13.606,69.427,111.185,62.975,24.638,23.572,90.142,7.23,3.585,20.557000000000002,17.422,3.755,10.912,9.877,1.049,355.51300000000003,277.971,67.56700000000001,9.974,160.311,237.344,4.5280000000000005,157.80100000000002,159.361,65.565,75.282,10.912,33.652,24.958000000000002,15.219000000000001,56.512,10.794,5.766,18.449,17.759,47.702,9.751,7.051,3.5620000000000003
2018Q1,115.107,133.946,102.489,37.046,7.7940000000000005,4.6610000000000005,21.811,10.348,35.857,43.198,95.936,46.178000000000004,148.848,57.82,18.56,55.756,5.682,11.717,48.147,30.580000000000002,35.753,32.403,32.087,8.448,69.172,76.121,38.226,23.351,4.01,10.865,20.817,8.679,33.056,13.351,71.422,118.864,70.68,23.868000000000002,24.316,107.062,7.562,3.498,21.923000000000002,18.854,4.7250000000000005,13.019,6.974,1.5210000000000001,378.225,296.346,70.306,11.573,160.881,252.624,4.532,180.495,175.208,67.075,85.971,10.963000000000001,32.934,26.734,13.894,59.359,11.218,6.276,21.478,18.472,50.296,9.713000000000001,7.6240000000000006,3.787
2018Q2,115.107,133.946,102.489,37.046,7.7940000000000005,4.6610000000000005,21.811,10.348,35.857,43.198,95.936,46.178000000000004,148.848,57.82,18.56,55.756,5.682,11.717,48.147,30.580000000000002,35.753,32.403,32.087,8.448,69.172,76.121,38.226,23.351,4.01,10.865,20.817,8.679,33.056,13.351,71.422,118.864,70.68,23.868000000000002,24.316,107.062,7.562,3.498,21.923000000000002,18.854,4.7250000000000005,13.019,6.974,1.5210000000000001,378.225,296.346,70.306,11.573,160.881,252.624,4.532,180.495,175.208,67.075,85.971,10.963000000000001,32.934,26.734,13.894,59.359,11.218,6.276,21.478,18.472,50.296,9.713000000000001,7.6240000000000006,3.787
2018Q3,115.107,133.946,102.489,37.046,7.7940000000000005,4.6610000000000005,21.811,10.348,35.857,43.198,95.936,46.178000000000004,148.848,57.82,18.56,55.756,5.682,11.717,48.147,30.580000000000002,35.753,32.403,32.087,8.448,69.172,76.121,38.226,23.351,4.01,10.865,20.817,8.679,33.056,13.351,71.422,118.864,70.68,23.868000000000002,24.316,107.062,7.562,3.498,21.923000000000002,18.854,4.7250000000000005,13.019,6.974,1.5210000000000001,378.225,296.346,70.306,11.573,160.881,252.624,4.532,180.495,175.208,67.075,85.971,10.963000000000001,32.934,26.734,13.894,59.359,11.218,6.276,21.478,18.472,50.296,9.713000000000001,7.6240000000000006,3.787
2018Q4,115.107,133.946,102.489,37.046,7.7940000000000005,4.6610000000000005,21.811,10.348,35.857,43.198,95.936,46.178000000000004,148.848,57.82,18.56,55.756,5.682,11.717,48.147,30.580000000000002,35.753,32.403,32.087,8.448,69.172,76.121,38.226,23.351,4.01,10.865,20.817,8.679,33.056,13.351,71.422,118.864,70.68,23.868000000000002,24.316,107.062,7.562,3.498,21.923000000000002,18.854,4.7250000000000005,13.019,6.974,1.5210000000000001,378.225,296.346,70.306,11.573,160.881,252.624,4.532,180.495,175.208,67.075,85.971,10.963000000000001,32.934,26.734,13.894,59.359,11.218,6.276,21.478,18.472,50.296,9.713000000000001,7.6240000000000006,3.787
2019Q1,113.60900000000001,128.743,107.86800000000001,37.485,7.582,4.613,22.298000000000002,10.152000000000001,33.728,47.97,98.311,49.418,161.493,60.961,19.97,29.282,5.5920000000000005,12.393,48.596000000000004,34.215,43.109,28.304000000000002,32.197,8.376,72.807,88.361,41.365,23.631,5.162,12.572000000000001,14.615,9.309000000000001,34.757,13.337,79.903,132.675,78.913,31.677,22.086000000000002,107.292,9.906,3.73,21.005,18.943,4.705,11.925,7.987,2.224,373.059,286.65500000000003,74.586,11.818,167.719,265.946,4.559,196.555,179.574,71.223,103.807,11.084,37.963,26.466,10.883000000000001,64.116,12.532,6.817,22.845,19.052,51.050000000000004,9.539,8.306000000000001,3.979
2019Q2,113.60900000000001,128.743,107.86800000000001,37.485,7.582,4.613,22.298000000000002,10.152000000000001,33.728,47.97,98.311,49.418,161.493,60.961,19.97,29.282,5.5920000000000005,12.393,48.596000000000004,34.215,43.109,28.304000000000002,32.197,8.376,72.807,88.361,41.365,23.631,5.162,12.572000000000001,14.615,9.309000000000001,34.757,13.337,79.903,132.675,78.913,31.677,22.086000000000002,107.292,9.906,3.73,21.005,18.943,4.705,11.925,7.987,2.224,373.059,286.65500000000003,74.586,11.818,167.719,265.946,4.559,196.555,179.574,71.223,103.807,11.084,37.963,26.466,10.883000000000001,64.116,12.532,6.817,22.845,19.052,51.050000000000004,9.539,8.306000000000001,3.979
2019Q3,113.60900000000001,128.743,107.86800000000001,37.485,7.582,4.613,22.298000000000002,10.152000000000001,33.728,47.97,98.311,49.418,161.493,60.961,19.97,29.282,5.5920000000000005,12.393,48.596000000000004,34.215,43.109,28.304000000000002,32.197,8.376,72.807,88.361,41.365,23.631,5.162,12.572000000000001,14.615,9.309000000000001,34.757,13.337,79.903,132.675,78.913,31.677,22.086000000000002,107.292,9.906,3.73,21.005,18.943,4.705,11.925,7.987,2.224,373.059,286.65500000000003,74.586,11.818,167.719,265.946,4.559,196.555,179.574,71.223,103.807,11.084,37.963,26.466,10.883000000000001,64.116,12.532,6.817,22.845,19.052,51.050000000000004,9.539,8.306000000000001,3.979
2019Q4,113.60900000000001,128.743,107.86800000000001,37.485,7.582,4.613,22.298000000000002,10.152000000000001,33.728,47.97,98.311,49.418,161.493,60.961,19.97,29.282,5.5920000000000005,12.393,48.596000000000004,34.215,43.109,28.304000000000002,32.197,8.376,72.807,88.361,41.365,23.631,5.162,12.572000000000001,14.615,9.309000000000001,34.757,13.337,79.903,132.675,78.913,31.677,22.086000000000002,107.292,9.906,3.73,21.005,18.943,4.705,11.925,7.987,2.224,373.059,286.65500000000003,74.586,11.818,167.719,265.946,4.559,196.555,179.574,71.223,103.807,11.084,37.963,26.466,10.883000000000001,64.116,12.532,6.817,22.845,19.052,51.050000000000004,9.539,8.306000000000001,3.979
2020Q1,121.12700000000001,121.56,106.211,34.148,7.257000000000001,4.264,19.990000000000002,9.742,30.986,42.01,91.59400000000001,47.385,104.84,42.132,5.031,39.868,6.131,7.773000000000001,45.433,32.723,34.024,25.453,31.875,9.116,71.57000000000001,91.69,43.954,22.791,6.141,15.022,10.923,8.756,42.377,14.767,74.349,129.97,84.109,22.115000000000002,23.746000000000002,58.963,8.977,3.468,17.903,16.258,4.461,11.297,8.415000000000001,1.799,413.749,318.999,82.258,12.491,191.617,293.757,4.253,215.263,187.67000000000002,75.266,110.18900000000001,10.82,44.132,25.888,11.368,65.186,14.622,7.199,24.38,18.821,49.179,9.134,8.436,3.742
2020Q2,121.12700000000001,121.56,106.211,34.148,7.257000000000001,4.264,19.990000000000002,9.742,30.986,42.01,91.59400000000001,47.385,104.84,42.132,5.031,39.868,6.131,7.773000000000001,45.433,32.723,34.024,25.453,31.875,9.116,71.57000000000001,91.69,43.954,22.791,6.141,15.022,10.923,8.756,42.377,14.767,74.349,129.97,84.109,22.115000000000002,23.746000000000002,58.963,8.977,3.468,17.903,16.258,4.461,11.297,8.415000000000001,1.799,413.749,318.999,82.258,12.491,191.617,293.757,4.253,215.263,187.67000000000002,75.266,110.18900000000001,10.82,44.132,25.888,11.368,65.186,14.622,7.199,24.38,18.821,49.179,9.134,8.436,3.742
2020Q3,121.12700000000001,121.56,106.211,34.148,7.257000000000001,4.264,19.990000000000002,9.742,30.986,42.01,91.59400000000001,47.385,104.84,42.132,5.031,39.868,6.131,7.773000000000001,45.433,32.723,34.024,25.453,31.875,9.116,71.57000000000001,91.69,43.954,22.791,6.141,15.022,10.923,8.756,42.377,14.767,74.349,129.97,84.109,22.115000000000002,23.746000000000002,58.963,8.977,3.468,17.903,16.258,4.461,11.297,8.415000000000001,1.799,413.749,318.999,82.258,12.491,191.617,293.757,4.253,215.263,187.67000000000002,75.266,110.18900000000001,10.82,44.132,25.888,11.368,65.186,14.622,7.199,24.38,18.821,49.179,9.134,8.436,3.742
2020Q4,121.12700000000001,121.56,106.211,34.148,7.257000000000001,4.264,19.990000000000002,9.742,30.986,42.01,91.59400000000001,47.385,104.84,42.132,5.031,39.868,6.131,7.773000000000001,45.433,32.723,34.024,25.453,31.875,9.116,71.57000000000001,91.69,43.954,22.791,6.141,15.022,10.923,8.756,42.377,14.767,74.349,129.97,84.109,22.115000000000002,23.746000000000002,58.963,8.977,3.468,17.903,16.258,4.461,11.297,8.415000000000001,1.799,413.749,318.999,82.258,12.491,191.617,293.757,4.253,215.263,187.67000000000002,75.266,110.18900000000001,10.82,44.132,25.888,11.368,65.186,14.622,7.199,24.38,18.821,49.179,9.134,8.436,3.742
2021Q1,141.625,130.677,112.774,37.425000000000004,8.851,4.76,22.194,9.743,34.029,44.714,103.623,54.68,91.849,51.929,11.845,36.845,6.447,7.746,48.038000000000004,38.962,41.377,25.521,33.974000000000004,9.764,79.389,88.303,45.300000000000004,22.504,5.88,16.917,10.378,8.318,52.046,14.131,80.943,129.797,85.869,21.347,22.581,59.137,10.627,3.089,16.662,16.421,4.763,11.032,8.464,2.111,546.312,433.01800000000003,95.834,17.46,232.809,329.868,3.1270000000000002,244.524,212.125,76.483,122.998,10.338000000000001,49.576,29.883,11.595,70.403,19.056,7.655,26.115000000000002,19.219,49.537,9.104000000000001,9.011000000000001,3.754
2021Q2,141.625,130.677,112.774,37.425000000000004,8.851,4.76,22.194,9.743,34.029,44.714,103.623,54.68,91.849,51.929,11.845,36.845,6.447,7.746,48.038000000000004,38.962,41.377,25.521,33.974000000000004,9.764,79.389,88.303,45.300000000000004,22.504,5.88,16.917,10.378,8.318,52.046,14.131,80.943,129.797,85.869,21.347,22.581,59.137,10.627,3.089,16.662,16.421,4.763,11.032,8.464,2.111,546.312,433.01800000000003,95.834,17.46,232.809,329.868,3.1270000000000002,244.524,212.125,76.483,122.998,10.338000000000001,49.576,29.883,11.595,70.403,19.056,7.655,26.115000000000002,19.219,49.537,9.104000000000001,9.011000000000001,3.754
2021Q3,141.625,130.677,112.774,37.425000000000004,8.851,4.76,22.194,9.743,34.029,44.714,103.623,54.68,91.849,51.929,11.845,36.845,6.447,7.746,48.038000000000004,38.962,41.377,25.521,33.974000000000004,9.764,79.389,88.303,45.300000000000004,22.504,5.88,16.917,10.378,8.318,52.046,14.131,80.943,129.797,85.869,21.347,22.581,59.137,10.627,3.089,16.662,16.421,4.763,11.032,8.464,2.111,546.312,433.01800000000003,95.834,17.46,232.809,329.868,3.1270000000000002,244.524,212.125,76.483,122.998,10.338000000000001,49.576,29.883,11.595,70.403,19.056,7.655,26.115000000000002,19.219,49.537,9.104000000000001,9.011000000000001,3.754
2021Q4,141.625,130.677,112.774,37.425000000000004,8.851,4.76,22.194,9.743,34.029,44.714,103.623,54.68,91.849,51.929,11.845,36.845,6.447,7.746,48.038000000000004,38.962,41.377,25.521,33.974000000000004,9.764,79.389,88.303,45.300000000000004,22.504,5.88,16.917,10.378,8.318,52.046,14.131,80.943,129.797,85.869,21.347,22.581,59.137,10.627,3.089,16.662,16.421,4.763,11.032,8.464,2.111,546.312,433.01800000000003,95.834,17.46,232.809,329.868,3.1270000000000002,244.524,212.125,76.483,122.998,10.338000000000001,49.576,29.883,11.595,70.403,19.056,7.655,26.115000000000002,19.219,49.537,9.104000000000001,9.011000000000001,3.754
2022Q1,154.43,144.651,117.70100000000001,40.274,9.315,5.873,24.713,10.318,35.595,46.422000000000004,111.805,66.113,89.717,71.364,6.506,30.21,7.0120000000000005,11.808,54.041000000000004,44.457,50.564,26.738,36.748,11.419,82.403,93.834,52.145,24.914,4.948,22.283,14.658,11.767,71.959,17.119,123.754,134.865,90.833,20.07,23.963,81.142,11.865,3.186,20.066,20.511,4.932,12.532,11.459,3.447,588.767,461.08500000000004,104.919,22.763,208.435,356.139,3.6950000000000003,278.573,238.197,84.261,136.905,10.843,52.723,36.661,14.987,75.819,21.869,8.569,28.594,22.591,54.754,9.69,10.895,4.742
2022Q2,154.43,144.651,117.70100000000001,40.274,9.315,5.873,24.713,10.318,35.595,46.422000000000004,111.805,66.113,89.717,71.364,6.506,30.21,7.0120000000000005,11.808,54.041000000000004,44.457,50.564,26.738,36.748,11.419,82.403,93.834,52.145,24.914,4.948,22.283,14.658,11.767,71.959,17.119,123.754,134.865,90.833,20.07,23.963,81.142,11.865,3.186,20.066,20.511,4.932,12.532,11.459,3.447,588.767,461.08500000000004,104.919,22.763,208.435,356.139,3.6950000000000003,278.573,238.197,84.261,136.905,10.843,52.723,36.661,14.987,75.819,21.869,8.569,28.594,22.591,54.754,9.69,10.895,4.742
2022Q3,154.43,144.651,117.70100000000001,40.274,9.315,5.873,24.713,10.318,35.595,46.422000000000004,111.805,66.113,89.717,71.364,6.506,30.21,7.0120000000000005,11.808,54.041000000000004,44.457,50.564,26.738,36.748,11.419,82.403,93.834,52.145,24.914,4.948,22.283,14.658,11.767,71.959,17.119,123.754,134.865,90.833,20.07,23.963,81.142,11.865,3.186,20.066,20.511,4.932,12.532,11.459,3.447,588.767,461.08500000000004,104.919,22.763,208.435,356.139,3.6950000000000003,278.573,238.197,84.261,136.905,10.843,52.723,36.661,14.987,75.819,21.869,8.569,28.594,22.591,54.754,9.69,10.895,4.742
2022Q4,154.43,144.651,117.70100000000001,40.274,9.315,5.873,24.713,10.318,35.595,46.422000000000004,111.805,66.113,89.717,71.364,6.506,30.21,7.0120000000000005,11.808,54.041000000000004,44.457,50.564,26.738,36.748,11.419,82.403,93.834,52.145,24.914,4.948,22.283,14.658,11.767,71.959,17.119,123.754,134.865,90.833,20.07,23.963,81.142,11.865,3.186,20.066,20.511,4.932,12.532,11.459,3.447,588.767,461.08500000000004,104.919,22.763,208.435,356.139,3.6950000000000003,278.573,238.197,84.261,136.905,10.843,52.723,36.661,14.987,75.819,21.869,8.569,28.594,22.591,54.754,9.69,10.895,4.742
2023Q1,143.133,142.83,119.953,41.037,8.964,5.0360000000000005,24.006,10.84,36.686,47.006,118.126,70.503,146.07,76.205,19.667,38.775,7.149,13.615,52.65,38.188,61.994,29.149,40.416000000000004,11.656,83.242,100.098,60.103,27.368000000000002,4.408,28.326,18.508,14.864,80.528,20.467,201.251,158.708,106.69200000000001,24.416,27.6,88.426,13.255,3.907,24.574,23.514,5.094,14.665000000000001,12.363,5.1000000000000005,554.5600000000001,412.413,125.294,16.853,171.47,362.943,3.866,301.528,250.066,93.018,151.136,12.092,53.309000000000005,35.03,19.457,78.81700000000001,19.343,9.207,31.241,25.385,56.284,10.15,12.814,5.832
2023Q2,143.133,142.83,119.953,41.037,8.964,5.0360000000000005,24.006,10.84,36.686,47.006,118.126,70.503,146.07,76.205,19.667,38.775,7.149,13.615,52.65,38.188,61.994,29.149,40.416000000000004,11.656,83.242,100.098,60.103,27.368000000000002,4.408,28.326,18.508,14.864,80.528,20.467,201.251,158.708,106.69200000000001,24.416,27.6,88.426,13.255,3.907,24.574,23.514,5.094,14.665000000000001,12.363,5.1000000000000005,554.5600000000001,412.413,125.294,16.853,171.47,362.943,3.866,301.528,250.066,93.018,151.136,12.092,53.309000000000005,35.03,19.457,78.81700000000001,19.343,9.207,31.241,25.385,56.284,10.15,12.814,5.832
2023Q3,143.133,142.83,119.953,41.037,8.964,5.0360000000000005,24.006,10.84,36.686,47.006,118.126,70.503,146.07,76.205,19.667,38.775,7.149,13.615,52.65,38.188,61.994,29.149,40.416000000000004,11.656,83.242,100.098,60.103,27.368000000000002,4.408,28.326,18.508,14.864,80.528,20.467,201.251,158.708,106.69200000000001,24.416,27.6,88.426,13.255,3.907,24.574,23.514,5.094,14.665000000000001,12.363,5.1000000000000005,554.5600000000001,412.413,125.294,16.853,171.47,362.943,3.866,301.528,250.066,93.018,151.136,12.092,53.309000000000005,35.03,19.457,78.81700000000001,19.343,9.207,31.241,25.385,56.284,10.15,12.814,5.832
2023Q4,143.133,142.83,119.953,41.037,8.964,5.0360000000000005,24.006,10.84,36.686,47.006,118.126,70.503,146.07,76.205,19.667,38.775,7.149,13.615,52.65,38.188,61.994,29.149,40.416000000000004,11.656,83.242,100.098,60.103,27.368000000000002,4.408,28.326,18.508,14.864,80.528,20.467,201.251,158.708,106.69200000000001,24.416,27.6,88.426,13.255,3.907,24.574,23.514,5.094,14.665000000000001,12.363,5.1000000000000005,554.5600000000001,412.413,125.294,16.853,171.47,362.943,3.866,301.528,250.066,93.018,151.136,12.092,53.309000000000005,35.03,19.457,78.81700000000001,19.343,9.207,31.241,25.385,56.284,10.15,12.814,5.832
2024Q1,171.435,141.831,125.022,41.105000000000004,9.599,4.547,25.247,10.69,37.212,51.142,120.992,73.575,168.011,66.65,27.993000000000002,47.68,5.881,15.279,54.805,39.437,60.643,27.682000000000002,41.707,12.032,88.84700000000001,99.583,61.548,29.984,5.0120000000000005,26.552,17.467,14.353,62.875,19.583000000000002,234.067,160.335,110.527,21.794,28.014,84.086,12.559000000000001,4.214,26.818,22.981,5.4350000000000005,13.658,12.505,5.517,576.631,446.652,110.633,19.346,178.121,402.641,4.006,334.591,261.038,97.368,150.32500000000002,12.245000000000001,58.34,34.684,19.746,80.7,19.522000000000002,9.914,32.094,27.029,55.937,10.44,14.246,6.783
2024Q2,171.435,141.831,125.022,41.105000000000004,9.599,4.547,25.247,10.69,37.212,51.142,120.992,73.575,168.011,66.65,27.993000000000002,47.68,5.881,15.279,54.805,39.437,60.643,27.682000000000002,41.707,12.032,88.84700000000001,99.583,61.548,29.984,5.0120000000000005,26.552,17.467,14.353,62.875,19.583000000000002,234.067,160.335,110.527,21.794,28.014,84.086,12.559000000000001,4.214,26.818,22.981,5.4350000000000005,13.658,12.505,5.517,576.631,446.652,110.633,19.346,178.121,402.641,4.006,334.591,261.038,97.368,150.32500000000002,12.245000000000001,58.34,34.684,19.746,80.7,19.522000000000002,9.914,32.094,27.029,55.937,10.44,14.246,6.783
2024Q3,171.435,141.831,125.022,41.105000000000004,9.599,4.547,25.247,10.69,37.212,51.142,120.992,73.575,168.011,66.65,27.993000000000002,47.68,5.881,15.279,54.805,39.437,60.643,27.682000000000002,41.707,12.032,88.84700000000001,99.583,61.548,29.984,5.0120000000000005,26.552,17.467,14.353,62.875,19.583000000000002,234.067,160.335,110.527,21.794,28.014,84.086,12.559000000000001,4.214,26.818,22.981,5.4350000000000005,13.658,12.505,5.517,576.631,446.652,110.633,19.346,178.121,402.641,4.006,334.591,261.038,97.368,150.32500000000002,12.245000000000001,58.34,34.684,19.746,80.7,19.522000000000002,9.914,32.094,27.029,55.937,10.44,14.246,6.783
2024Q4,171.435,141.831,125.022,41.105000000000004,9.599,4.547,25.247,10.69,37.212,51.142,120.992,73.575,168.011,66.65,27.993000000000002,47.68,5.881,15.279,54.805,39.437,60.643,27.682000000000002,41.707,12.032,88.84700000000001,99.583,61.548,29.984,5.0120000000000005,26.552,17.467,14.353,62.875,19.583000000000002,234.067,160.335,110.527,21.794,28.014,84.086,12.559000000000001,4.214,26.818,22.981,5.4350000000000005,13.658,12.505,5.517,576.631,446.652,110.633,19.346,178.121,402.641,4.006,334.591,261.038,97.368,150.32500000000002,12.245000000000001,58.34,34.684,19.746,80.7,19.522000000000002,9.914,32.094,27.029,55.937,10.44,14.246,6.783
